UNIQUE CODE,STATE,PARLIAMENTARY CONSTITUENCY CODE,PARLIAMENTARY CONSTITUENCY NAME,STATE CONSTITUENCY CODE,STATE CONSTITUENCY NAME,TOTAL ELECTORS,MALAY (%),CHINESE (%),INDIANS (%),BUMIPUTERA SABAH (%),BUMIPUTERA SARAWAK (%),ORANG ASLI (%),OTHERS (%),ELECTORS - ORDINARY VOTERS (%),ELECTORS - MILITARY AND SPOUSES VOTERS (%),ELECTORS - POLICE AND SPOUSES VOTERS (%,18 - 20 (%),21 - 29 (%),30 - 39 (%),40 - 49 (%),50 - 59 (%),60 - 69 (%),70 - 79 (%),80 - 89 (%),90 AND ABOVE (%),MALE ELECTORS (%),FEMALE ELECTORS (%),URBAN - RURAL CLASSIFICATION (2025),OKU VOTER COUNT (2025)
P.126_N.01,NEGERI SEMBILAN,P.126,JELEBU,N.01,CHENNAH,14422,47.77,42.57,2.01,0.09,0.12,6.29,1.16,99.8,0,0.2,4.56,14.65,18.96,19.17,15.71,14.21,9.05,3.02,0.67,51.36,48.64,RURAL,391
P.126_N.02,NEGERI SEMBILAN,P.126,JELEBU,N.02,PERTANG,12873,66.43,19.27,6.47,0.17,0.02,7.18,0.46,99.89,0,0.11,4.63,14.85,20.41,23.2,14.71,10.76,8.86,2.12,0.46,50.63,49.37,RURAL,387
P.126_N.03,NEGERI SEMBILAN,P.126,JELEBU,N.03,SUNGAI LUI,19684,79.78,5.73,8.12,0.31,0.11,5.68,0.26,95.31,0,4.69,5.14,16.74,23.54,25.77,9.59,8.57,9.08,1.38,0.19,49.93,50.07,RURAL,560
P.126_N.04,NEGERI SEMBILAN,P.126,JELEBU,N.04,KLAWANG,13355,66.3,27.35,3.69,0.16,0.06,1.91,0.54,98.44,0,1.56,5.74,17.34,20.07,17.81,14.29,13.33,7.91,2.73,0.79,50.09,49.91,SEMI URBAN,309
P.127_N.05,NEGERI SEMBILAN,P.127,JEMPOL,N.05,SERTING,30599,78.18,12.04,8.67,0.1,0.1,0.24,0.68,99.2,0,0.8,4.69,17.42,29.63,18.78,8.97,12.99,6.09,1.2,0.24,48.89,51.11,RURAL,799
P.127_N.06,NEGERI SEMBILAN,P.127,JEMPOL,N.06,PALONG,23555,92.32,1.57,5.73,0.07,0.04,0.07,0.19,100,0,0,4.56,13.31,27.21,26.68,6.42,11.26,9.82,0.71,0.03,48.42,51.58,SEMI URBAN,580
P.127_N.07,NEGERI SEMBILAN,P.127,JEMPOL,N.07,JERAM PADANG,16590,52.31,9.29,33.13,0.08,0.1,4.53,0.56,99.9,0,0.1,6.23,18.1,21.54,21.13,13.07,10.23,7.72,1.62,0.37,47.98,52.02,RURAL,524
P.127_N.08,NEGERI SEMBILAN,P.127,JEMPOL,N.08,BAHAU,25972,30.35,57.98,10.78,0.15,0.05,0.05,0.64,99.72,0,0.28,5.22,17.16,20.49,17.45,14.57,13.36,8.25,2.91,0.59,49.48,50.52,SEMI URBAN,635
P.128_N.09,NEGERI SEMBILAN,P.128,SEREMBAN,N.09,LENGGENG,28880,76.73,14.22,5.19,0.21,0.16,2.34,1.14,99.8,0,0.2,5.92,21.64,22.34,16.27,13.8,12.11,5.95,1.59,0.38,49.17,50.83,URBAN,659
P.128_N.10,NEGERI SEMBILAN,P.128,SEREMBAN,N.10,NILAI,45911,46.38,29.95,20.84,0.65,0.44,0.66,1.07,99.04,0.06,0.9,9.17,24.73,19.84,17.06,13.4,9.3,4.79,1.39,0.32,50.75,49.25,SEMI URBAN,882
P.128_N.11,NEGERI SEMBILAN,P.128,SEREMBAN,N.11,LOBAK,23079,4.58,71.51,21.87,0.19,0.08,1.03,0.74,100,0,0,3.51,12.45,17.23,18.76,16.29,15.41,11.37,3.8,1.19,47.94,52.06,URBAN,586
P.128_N.12,NEGERI SEMBILAN,P.128,SEREMBAN,N.12,TEMIANG,12947,39.35,43.28,14.59,0.45,0.23,0.19,1.91,92.44,0,7.56,4.05,11.69,19.91,18.94,14.27,15.79,10.94,3.36,1.04,52.49,47.51,URBAN,383
P.128_N.13,NEGERI SEMBILAN,P.128,SEREMBAN,N.13,SIKAMAT,34103,71.64,18.96,7.65,0.35,0.18,0.06,1.16,99.55,0,0.45,6.65,21.95,22.79,17.9,12.4,10.72,5.98,1.37,0.23,48.86,51.14,URBAN,770
P.128_N.14,NEGERI SEMBILAN,P.128,SEREMBAN,N.14,AMPANGAN,21336,72.82,15.56,8.25,0.19,0.09,0.01,3.07,100,0,0,4.76,16.55,20.32,17.95,14.8,14.4,8.06,2.47,0.69,49.03,50.97,URBAN,527
P.129_N.15,NEGERI SEMBILAN,P.129,KUALA PILAH,N.15,JUASSEH,13671,80.37,11.35,5.13,0.15,0.1,2.08,0.81,100,0,0,5.06,18.02,21.19,17.18,14.61,12.97,7.55,2.69,0.72,48.9,51.1,RURAL,388
P.129_N.16,NEGERI SEMBILAN,P.129,KUALA PILAH,N.16,SERI MENANTI,10105,91.92,2.14,0.33,0.11,0.09,4.84,0.57,99.85,0,0.15,4.45,16.35,17.96,17.71,16.53,14.52,8.12,3.52,0.83,49.15,50.85,RURAL,351
P.129_N.17,NEGERI SEMBILAN,P.129,KUALA PILAH,N.17,SENALING,9903,81.25,14.47,3.49,0.04,0.1,0.06,0.59,100,0,0,4.92,14.07,20.24,20.9,12.54,13.8,9.91,2.96,0.67,49.54,50.46,RURAL,291
P.129_N.18,NEGERI SEMBILAN,P.129,KUALA PILAH,N.18,PILAH,18034,65.63,24.65,8.73,0.23,0.11,0.03,0.62,98.56,0,1.44,4.87,16.52,22.11,17.77,13.25,13.93,8.41,2.43,0.7,49.48,50.52,SEMI URBAN,446
P.129_N.19,NEGERI SEMBILAN,P.129,KUALA PILAH,N.19,JOHOL,12331,73.69,15.47,5.23,0.1,0.06,5.07,0.38,99.88,0,0.12,4.27,16.11,19.97,17.87,17.02,13.32,7.91,2.77,0.75,50.31,49.69,RURAL,417
P.130_N.20,NEGERI SEMBILAN,P.130,RASAH,N.20,LABU,32884,76.2,7.37,13.26,0.52,0.24,1.53,0.88,99.95,0,0.05,8.27,26.14,20.21,15.62,14.2,9.86,4.31,0.99,0.4,49.66,50.34,SEMI URBAN,776
P.130_N.21,NEGERI SEMBILAN,P.130,RASAH,N.21,BUKIT KEPAYANG,49568,28.19,48.29,21.72,0.33,0.21,0.17,1.1,98.86,0,1.14,7.91,24.03,20.05,15.45,12.61,10.6,6.92,1.87,0.57,49.44,50.56,URBAN,917
P.130_N.22,NEGERI SEMBILAN,P.130,RASAH,N.22,RAHANG,19715,30.72,43.53,22.45,0.44,0.42,0.06,2.38,92.18,7.62,0.2,2.91,12.02,18.12,17.93,15.42,15.47,12.26,4.61,1.26,50.22,49.78,URBAN,443
P.130_N.23,NEGERI SEMBILAN,P.130,RASAH,N.23,MAMBAU,30346,13.69,58.74,25.63,0.23,0.14,0,1.57,99.93,0,0.07,4.6,15.82,20.54,20.23,14.76,13.05,8.23,2.33,0.44,48.66,51.34,URBAN,657
P.130_N.24,NEGERI SEMBILAN,P.130,RASAH,N.24,SEREMBAN JAYA,33015,25.07,45.48,27.92,0.17,0.5,0.02,0.84,100,0,0,6.07,21.74,22.1,17.35,14.27,11.29,5.35,1.54,0.28,48.66,51.34,URBAN,746
P.131_N.25,NEGERI SEMBILAN,P.131,REMBAU,N.25,PAROI,64998,78.68,5.75,14.41,0.22,0.15,0.02,0.77,98.72,1.07,0.2,7.74,25.85,23.32,15.88,12.11,10.05,4.26,0.67,0.13,48.93,51.07,URBAN,1444
P.131_N.26,NEGERI SEMBILAN,P.131,REMBAU,N.26,CHEMBONG,26547,81.96,5.95,9.74,0.16,0.11,1.31,0.77,98.59,0,1.41,6,21.6,21.92,16.06,13.81,11.94,6.37,1.76,0.54,48.58,51.42,SEMI URBAN,880
P.131_N.27,NEGERI SEMBILAN,P.131,REMBAU,N.27,RANTAU,34831,56.08,15.29,26.98,0.42,0.31,0.03,0.89,96.74,3.19,0.07,6.72,19.89,21.94,19.4,13.74,10.77,5.6,1.52,0.42,49.93,50.07,RURAL,1009
P.131_N.28,NEGERI SEMBILAN,P.131,REMBAU,N.28,KOTA,16744,86.42,6.31,5.22,0.16,0.06,1.11,0.72,99.92,0,0.08,4.9,15.52,20.12,18.22,15.5,13.69,8.21,3.08,0.76,48.96,51.04,RURAL,653
P.132_N.29,NEGERI SEMBILAN,P.132,PORT DICKSON,N.29,CHUAH,15129,24.77,53.43,21.05,0.13,0.11,0.04,0.47,99.81,0,0.19,4.62,15.19,19.43,18.76,17.44,13.61,7.81,2.66,0.48,50.92,49.08,RURAL,467
P.132_N.30,NEGERI SEMBILAN,P.132,PORT DICKSON,N.30,LUKUT,28219,24.45,47.95,26.05,0.25,0.25,0,1.06,99.91,0,0.09,6.35,21.27,22.05,18.17,14.28,10.58,5.45,1.5,0.35,49.69,50.31,SEMI URBAN,743
P.132_N.31,NEGERI SEMBILAN,P.132,PORT DICKSON,N.31,BAGAN PINANG,27451,75.65,6.86,9.69,3.04,3.72,0.15,0.9,74.33,25.58,0.09,11.13,30.16,20.82,14.35,10.63,7.75,3.75,1.05,0.38,56.47,43.53,SEMI URBAN,570
P.132_N.32,NEGERI SEMBILAN,P.132,PORT DICKSON,N.32,LINGGI,20677,61.76,16.66,17.34,0.83,1.07,1.29,1.04,89.08,10.75,0.17,4.25,17.3,23.74,20.86,13.62,11.06,6.7,1.92,0.56,50.81,49.19,RURAL,559
P.132_N.33,NEGERI SEMBILAN,P.132,PORT DICKSON,N.33,SRI TANJUNG,19590,38.7,31.25,27.06,0.95,0.48,0.02,1.53,98.21,0,1.79,4.65,16.75,21.1,17.83,14.34,13.46,8.78,2.42,0.67,49.59,50.41,SEMI URBAN,605
P.133_N.34,NEGERI SEMBILAN,P.133,TAMPIN,N.34,GEMAS,29600,83.55,7.73,4.89,1.21,1.99,0.07,0.56,85.35,14.52,0.13,4.58,18.83,27.52,23.71,8.57,8.94,6.47,1.11,0.27,51.95,48.05,SEMI URBAN,779
P.133_N.35,NEGERI SEMBILAN,P.133,TAMPIN,N.35,GEMENCHEH,24916,62.53,21.67,15.05,0.06,0.08,0.06,0.54,99.87,0,0.13,5.22,17.07,20.7,19.5,15.3,11.94,7.05,2.79,0.44,50.15,49.85,RURAL,806
P.133_N.36,NEGERI SEMBILAN,P.133,TAMPIN,N.36,REPAH,27910,40.12,41,17.41,0.12,0.08,0.43,0.84,98.81,0,1.19,4.69,18.03,23.13,17.45,13.75,12.8,7.55,2.19,0.4,49.38,50.62,SEMI URBAN,787