UNIQUE CODE,STATE,PARLIAMENTARY CONSTITUENCY CODE,PARLIAMENTARY CONSTITUENCY NAME,STATE CONSTITUENCY CODE,STATE CONSTITUENCY NAME,WINNING PARTY,UNCONTESTED VICTORY,TOTAL ELECTORATE,WINNING MAJORITY,TURNOUT (%),TOTAL BALLOTS ISSUED,TOTAL REJECTED VOTES,TOTAL VALID VOTES,BN,BN CANDIDATE,BN CANDIDATE SEX,BN CANDIDATE AGE,BN VOTE,BN CANDIDATE LOST DEPOSIT,DAP,DAP CANDIDATE,DAP CANDIDATE SEX,DAP CANDIDATE AGE,DAP VOTE,DAP CANDIDATE LOST DEPOSIT,PAS,PAS CANDIDATE,PAS CANDIDATE SEX,PAS CANDIDATE AGE,PAS VOTE,PAS CANDIDATE LOST DEPOSIT,OTHER PARTY (1),OTHER PARTY (1) CANDIDATE,OTHER PARTY (1) CANDIDATE SEX,OTHER PARTY (1) CANDIDATE AGE,OTHER PARTY (1) VOTE,OTHER PARTY (1) CANDIDATE LOST DEPOSIT,OTHER PARTY (2),OTHER PARTY (2) CANDIDATE,OTHER PARTY (2) CANDIDATE SEX,OTHER PARTY (2) CANDIDATE AGE,OTHER PARTY (2) VOTE,OTHER PARTY (2) CANDIDATE LOST DEPOSIT,INDEPENDENT (1),INDEPENDENT (1) CANDIDATE,INDEPENDENT (1) CANDIDATE SEX,INDEPENDENT (1) CANDIDATE AGE,INDEPENDENT (1) VOTE,INDEPENDENT (1) CANDIDATE LOST DEPOSIT,INDEPENDENT (2),INDEPENDENT (2) CANDIDATE,INDEPENDENT (2) CANDIDATE SEX,INDEPENDENT (2) CANDIDATE AGE,INDEPENDENT (2) VOTE,INDEPENDENT (2) CANDIDATE LOST DEPOSIT,INDEPENDENT (3),INDEPENDENT (3) CANDIDATE,INDEPENDENT (3) CANDIDATE SEX,INDEPENDENT (3) CANDIDATE AGE,INDEPENDENT (3) VOTE,INDEPENDENT (3) CANDIDATE LOST DEPOSIT,INDEPENDENT (4),INDEPENDENT (4) CANDIDATE,INDEPENDENT (4) CANDIDATE SEX,INDEPENDENT (4) CANDIDATE AGE,INDEPENDENT (4) VOTE,INDEPENDENT (4) CANDIDATE LOST DEPOSIT
P.1_N.1,PERLIS,P.1,KANGAR,N.1,TITI TINGGI,BN - MCA,,6234,2115,72.63,4528,130,4398,MCA,NG ENG TOON @ GOH ENG TOON,MALE,,2908,,DAP,LIEW SIH YANG,,,697,,PAS,MD. SALLEH BIN YUSOP,MALE,,793,,,,,,,,,,,,,,,,,,,,,,,,,,,,,,,,,,,,,
P.1_N.2,PERLIS,P.1,KANGAR,N.2,CHUPING,BN - UMNO,,7779,1622,78.54,6110,178,5932,UMNO,SHAARI BIN JUSOH,MALE,,3777,,,,,,,,PAS,MUSTAFFA BIN AHMAD,MALE,,2155,,,,,,,,,,,,,,,,,,,,,,,,,,,,,,,,,,,,,
P.1_N.3,PERLIS,P.1,KANGAR,N.3,BINTONG,PAS,Y,6498,,,,,,,,,,,,,,,,,,PAS,SHUIB BIN HAJI MOHAMAD,MALE,,,,,,,,,,,,,,,,,,,,,,,,,,,,,,,,,,,,,,,
P.1_N.4,PERLIS,P.1,KANGAR,N.4,BANDAR KANGAR,BN - MCA,,8912,1481,74.65,6653,144,6509,MCA,LEE KIM CHENG,MALE,,3701,,DAP,LAI YU CHAI,,,76,LOST DEPOSIT,PAS,ZAKERIA @ BAKRI BIN HASHIM,MALE,,2220,,,,,,,,,,,,,,INDEPENDENT,BALDEV SINGH @ BALDEV SINGH BHAR A/L GURCHARN SINGH,MALE,,143,LOST DEPOSIT,INDEPENDENT,HENG TICK MING,,,266,LOST DEPOSIT,INDEPENDENT,ABDULLAH BIN HUSIN,MALE,,37,LOST DEPOSIT,INDEPENDENT,KAMARUDIN BIN ABDUL RAHIM,MALE,,66,LOST DEPOSIT
P.1_N.5,PERLIS,P.1,KANGAR,N.5,PAYA,BN - UMNO,,7354,715,76.58,5632,165,5467,UMNO,TAIB BIN ISMAIL,MALE,,3091,,,,,,,,PAS,AHMAD BIN L. IBRAHIM,MALE,,2376,,,,,,,,,,,,,,,,,,,,,,,,,,,,,,,,,,,,,
P.1_N.6,PERLIS,P.1,KANGAR,N.6,ORAN,BN - UMNO,,5206,1962,80.79,4206,116,4090,UMNO,ALI BIN AHMAD,MALE,,3026,,,,,,,,PAS,BAKAR BIN ISMAIL,MALE,,1064,,,,,,,,,,,,,,,,,,,,,,,,,,,,,,,,,,,,,
P.2_N.7,PERLIS,P.2,ARAU,N.7,KUALA PERLIS,BN - UMNO,,6118,1574,76.46,4678,130,4548,UMNO,AHMAD BIN OSMAN,MALE,,3061,,,,,,,,PAS,DIN BIN SAAID,MALE,,1487,,,,,,,,,,,,,,,,,,,,,,,,,,,,,,,,,,,,,
P.2_N.8,PERLIS,P.2,ARAU,N.8,KAYANG,BN - UMNO,,6096,912,75.74,4617,93,4524,UMNO,TALIB BIN ALI,MALE,,2718,,,,,,,,PAS,HUSSEIN BIN ABDULLAH,MALE,,1806,,,,,,,,,,,,,,,,,,,,,,,,,,,,,,,,,,,,,
P.2_N.9,PERLIS,P.2,ARAU,N.9,UTAN AJI,BN - UMNO,,5947,1456,79.55,4731,129,4602,UMNO,IDRUS BIN KASSIM,MALE,,3029,,,,,,,,PAS,MAHAMOOD BIN HAJI MOHAMAD NOOR,MALE,,1573,,,,,,,,,,,,,,,,,,,,,,,,,,,,,,,,,,,,,
P.2_N.10,PERLIS,P.2,ARAU,N.10,BANDAR ARAU,BN - UMNO,,6417,1430,70.86,4547,107,4440,UMNO,SYED AHMAD BIN SYED ALWI,MALE,,2935,,,,,,,,PAS,AHMAD BIN SALLEH,MALE,,1505,,,,,,,,,,,,,,,,,,,,,,,,,,,,,,,,,,,,,
P.2_N.11,PERLIS,P.2,ARAU,N.11,KURONG ANAI,BN - UMNO,,6575,1006,77.95,5125,106,5019,UMNO,ABU BAKAR BIN HJ. AHMAD,MALE,,2927,,,,,,,,PAS,HALIM @ OMAR BIN ISMAIL,MALE,,1921,,,,,,,,,,,,,,INDEPENDENT,JUSOH BIN MAN,MALE,,171,LOST DEPOSIT,,,,,,,,,,,,,,,,,,
P.2_N.12,PERLIS,P.2,ARAU,N.12,SANGLANG,BN - UMNO,,5882,467,80.38,4728,241,4487,UMNO,SAAD @ MD. ZAIN BIN HAMZAH,MALE,,2477,,,,,,,,PAS,HARUN BIN OTHMAN,MALE,,2010,,,,,,,,,,,,,,,,,,,,,,,,,,,,,,,,,,,,,
P.3_N.1,KEDAH,P.3,JERLUN-LANGKAWI,N.1,LANGKAWI,BN - UMNO,,14423,6029,82.31,11872,253,11619,UMNO,SYED NAHAR BIN SYED SHEH SHAHABUDIN,MALE,,8824,,,,,,,,PAS,HAJI OTHMAN BIN BAKAR,MALE,,2795,,,,,,,,,,,,,,,,,,,,,,,,,,,,,,,,,,,,,
P.3_N.2,KEDAH,P.3,JERLUN-LANGKAWI,N.2,JERLUN,BN - UMNO,,24535,1813,75.83,18606,243,18363,UMNO,YUSUF BIN ABD. RAHMAN,MALE,,10088,,,,,,,,PAS,HASSIM BIN OTHMAN,MALE,,8275,,,,,,,,,,,,,,,,,,,,,,,,,,,,,,,,,,,,,
P.4_N.3,KEDAH,P.4,KUBANG PASU,N.3,TUNJANG,BN - UMNO,,22019,6356,79.49,17504,370,17134,UMNO,HANAFI BIN RAMLI,MALE,,11745,,,,,,,,PAS,ABU KASIM BIN L. ABDULLAH,MALE,,5389,,,,,,,,,,,,,,,,,,,,,,,,,,,,,,,,,,,,,
P.4_N.4,KEDAH,P.4,KUBANG PASU,N.4,JITRA,BN - UMNO,,21564,7589,76.42,16480,367,16113,UMNO,OSMAN @ MD. DAUD BIN AROFF,MALE,,11851,,,,,,,,PAS,MOHAMAD @ MD. SALLEH BIN YAACOB,MALE,,4262,,,,,,,,,,,,,,,,,,,,,,,,,,,,,,,,,,,,,
P.5_N.5,KEDAH,P.5,PADANG TERAP,N.5,KUALA NERANG,BN - UMNO,,18926,2457,82.5,15614,361,15253,UMNO,AZIZAH BINTI L. TAIB,FEMALE,,8855,,,,,,,,PAS,MUHAUDIN BIN HAJI AHMAD,MALE,,6398,,,,,,,,,,,,,,,,,,,,,,,,,,,,,,,,,,,,,
P.5_N.6,KEDAH,P.5,PADANG TERAP,N.6,POKOK SENA,BN - UMNO,,19905,3447,82.2,16363,340,16023,UMNO,HUSSAIN @ ABDUL HAMID BIN TAHIR,MALE,,9735,,,,,,,,PAS,DATO' SUDIN WAHAB,MALE,,6288,,,,,,,,,,,,,,,,,,,,,,,,,,,,,,,,,,,,,
P.6_N.7,KEDAH,P.6,KUALA KEDAH,N.7,ANAK BUKIT,BN - UMNO,,21496,1883,77.46,16652,261,16391,UMNO,KARIA @ ZAKARIA BIN SAID,MALE,,9137,,,,,,,,PAS,WAHAB BIN SULAIMAN,MALE,,7254,,,,,,,,,,,,,,,,,,,,,,,,,,,,,,,,,,,,,
P.6_N.8,KEDAH,P.6,KUALA KEDAH,N.8,PENGKALAN KUNDOR,BN - UMNO,,24627,4980,72.12,17762,251,17511,UMNO,HAJI JAMALUDIN BIN LEBAI BAKAR,MALE,,10652,,DAP,WONG KOK WAH,,,1187,LOST DEPOSIT,PAS,HAJI YUSOP BIN ARSHAD,MALE,,5672,,,,,,,,,,,,,,,,,,,,,,,,,,,,,,,,,,,,,
P.7_N.9,KEDAH,P.7,ALOR SETAR,N.9,ALOR MERAH,BN - UMNO,,23401,3919,73.3,17152,251,16901,UMNO,KHALID BIN HJ. ABDULLAH,MALE,,9592,,DAP,ONG AUN BOON,MALE,,1636,LOST DEPOSIT,PAS,DATO' HAJI ABU BAKAR BIN UMAR,MALE,,5673,,,,,,,,,,,,,,,,,,,,,,,,,,,,,,,,,,,,,
P.7_N.10,KEDAH,P.7,ALOR SETAR,N.10,BANDAR ALOR SETAR,BN - MCA,,35055,7038,69.86,24490,376,24114,MCA,CHEA KIM HOE @ CHEAH CHONG CHIEW,MALE,,14006,,DAP,GEORGE JOHN A/L K.M GEORGE,MALE,,6968,,PAS,OTHMAN BIN HAJI HUSAIN,MALE,,3140,,,,,,,,,,,,,,,,,,,,,,,,,,,,,,,,,,,,,
P.8_N.11,KEDAH,P.8,KOTA SETAR,N.11,LANGGAR-LIMBONG,PAS,,17587,860,79.28,13943,203,13740,UMNO,SYED AZIZAN BIN SYED HASSAN,MALE,,6440,,,,,,,,PAS,SAID BIN YASSIN,MALE,,7300,,,,,,,,,,,,,,,,,,,,,,,,,,,,,,,,,,,,,
P.8_N.12,KEDAH,P.8,KOTA SETAR,N.12,BUKIT RAYA,PAS,,19486,346,82.92,16158,171,15987,UMNO,HAJI SAFIROL BIN HAJI HASHIM,MALE,,7771,,,,,,,,PAS,ALI @ FADZIL BIN MD. NOOR,MALE,,8117,,,,,,,,,,,,,,INDEPENDENT,MOHD. MOKHTAR ABDULLAH,MALE,,99,LOST DEPOSIT,,,,,,,,,,,,,,,,,,
P.9_N.13,KEDAH,P.9,ULU MUDA,N.13,SIK,BN - UMNO,,13885,1334,83,11525,273,11252,UMNO,HJ. MOHD. NOH BIN HAJI AHMAD,MALE,,6293,,,,,,,,PAS,HARUN BIN JUSOH,MALE,,4959,,,,,,,,,,,,,,,,,,,,,,,,,,,,,,,,,,,,,
P.9_N.14,KEDAH,P.9,ULU MUDA,N.14,PENDANG,BN - UMNO,,20318,2731,80.09,16273,320,15953,UMNO,HAJI SHAARI BIN ABU BAKAR,MALE,,9342,,,,,,,,PAS,AWANG BIN SAAD,MALE,,6611,,,,,,,,,,,,,,,,,,,,,,,,,,,,,,,,,,,,,
P.10_N.15,KEDAH,P.10,BALING,N.15,BAYU,BN - UMNO,,19099,4905,78.15,14927,330,14597,UMNO,RAJA ARIFFIN BIN RAJA SULAIMAN,MALE,,9751,,,,,,,,PAS,IBRAHIM BIN MOHAMOOD,MALE,,4846,,,,,,,,,,,,,,,,,,,,,,,,,,,,,,,,,,,,,
P.10_N.16,KEDAH,P.10,BALING,N.16,KUPANG,BN - UMNO,,22527,2900,77.59,17480,338,17142,UMNO,ZAINOL BIN MD. ISA,MALE,,10021,,,,,,,,PAS,MOHD. ROMLI BIN ABDULLAH,MALE,,7121,,,,,,,,,,,,,,,,,,,,,,,,,,,,,,,,,,,,,
P.11_N.17,KEDAH,P.11,JERAI,N.17,SALA,BN - UMNO,,16600,774,77.58,12878,214,12664,UMNO,AHMAD BIN HAJI AWANG,MALE,,6719,,,,,,,,PAS,CHE ME BIN AHMAD,MALE,,5945,,,,,,,,,,,,,,,,,,,,,,,,,,,,,,,,,,,,,
P.11_N.18,KEDAH,P.11,JERAI,N.18,YAN,BN - UMNO,,20357,4520,67.27,13695,421,13274,UMNO,ABDULLAH BIN HAJI ISMAIL,MALE,,8897,,,,,,,,PAS,HAJI ABDUL RAHMAN BIN DARUS,MALE,,4377,,,,,,,,,,,,,,,,,,,,,,,,,,,,,,,,,,,,,
P.12_N.19,KEDAH,P.12,KUALA MUDA,N.19,JENIANG,BN - UMNO,,19215,7063,76.09,14620,365,14255,UMNO,ZAINOL ABIDIN BIN JOHARI,MALE,,10659,,,,,,,,PAS,MD. JAAFAR BIN LATEH,MALE,,3596,,,,,,,,,,,,,,,,,,,,,,,,,,,,,,,,,,,,,
P.12_N.20,KEDAH,P.12,KUALA MUDA,N.20,MERBOK,BN - UMNO,,20595,7810,77.64,15990,290,15700,UMNO,HASHIM BIN HAJI OSMAN,MALE,,11755,,,,,,,,PAS,SHOIB BIN MUSTAFA,MALE,,3945,,,,,,,,,,,,,,,,,,,,,,,,,,,,,,,,,,,,,
P.13_N.21,KEDAH,P.13,SUNGAI PETANI,N.21,TIKAM BATU,BN - GERAKAN,,40398,10241,75.3,30421,570,29851,GERAKAN,ONG AH YONG @ ONG CHOW SONG,MALE,,17620,,DAP,CHONG AH LEK @ CHONG KOK HEONG,MALE,,4658,,PAS,BAKAR BIN HAJI MAHMUD,MALE,,7379,,,,,,,,,,,,,,INDEPENDENT,ISMAIL BIN MAN,MALE,,194,LOST DEPOSIT,,,,,,,,,,,,,,,,,,
P.13_N.22,KEDAH,P.13,SUNGAI PETANI,N.22,KUALA KETIL,BN - MIC,,15695,4127,75.76,11890,217,11673,MIC,SUBRAMANIAM A/L SUNDRAM,MALE,,7342,,DAP,KARUPPAIAH A/L RAMASAMY,MALE,,930,LOST DEPOSIT,PAS,AHMAD KHASASI BIN. L. MAHAMUD,MALE,,3215,,,,,,,,,,,,,,INDEPENDENT,NADARAJU A/L APARU,MALE,,186,LOST DEPOSIT,,,,,,,,,,,,,,,,,,
P.14_N.23,KEDAH,P.14,PADANG SERAI,N.23,LUNAS,BN - MCA,,21513,8622,77.76,16728,423,16305,MCA,HONG TOK HIANG @ FANG CHOK SEONG,MALE,,12193,,,,,,,,PAS,KHATIB SHORBAINI BIN HAJI HASSAN,MALE,,3571,,,,,,,,,,,,,,INDEPENDENT,RAMLEY BIN ISMAIL,MALE,,541,LOST DEPOSIT,,,,,,,,,,,,,,,,,,
P.14_N.24,KEDAH,P.14,PADANG SERAI,N.24,MERBAU PULAS,BN - UMNO,,12299,3931,76.05,9354,219,9135,UMNO,MAHMUD BIN MD. ZAIN,MALE,,6533,,,,,,,,PAS,ABDUL MUTALIB @ ABD. TALIB BIN ALI,MALE,,2602,,,,,,,,,,,,,,,,,,,,,,,,,,,,,,,,,,,,,
P.15_N.25,KEDAH,P.15,KULIM-BANDAR BAHARU,N.25,KULIM,BN - MCA,,19543,8274,73.92,14446,284,14162,MCA,YONG PAU CHAK,MALE,,10247,,DAP,LEE CHUAN SAM @ LEE CHUAN SUN,MALE,,1973,,PAS,MD. YUSOF BIN HAJI MOHAMAD,MALE,,1942,,,,,,,,,,,,,,,,,,,,,,,,,,,,,,,,,,,,,
P.15_N.26,KEDAH,P.15,KULIM-BANDAR BAHARU,N.26,SERDANG,BN - UMNO,,16856,4016,76.76,12938,352,12586,UMNO,ABDUL MAJID BIN ITAM,MALE,,8301,,,,,,,,PAS,MOHAMAD SALLEH BIN HAJI MOHAMAD,MALE,,4285,,,,,,,,,,,,,,,,,,,,,,,,,,,,,,,,,,,,,
P.16_N.1,KELANTAN,P.16,TUMPAT,N.1,SIMPANGAN,BN - BERJASA,,12713,564,75.64,9616,232,9384,BERJASA,TAHIR BIN ABDUL AZIZ,MALE,,4974,,,,,,,,PAS,NIK ABDUL RAHMAN BIN NIK MOHAMED,MALE,,4410,,,,,,,,,,,,,,,,,,,,,,,,,,,,,,,,,,,,,
P.16_N.2,KELANTAN,P.16,TUMPAT,N.2,SUNGAI PINANG,BN - UMNO,,13241,483,75.36,9978,288,9690,UMNO,TENGKU NOOR ASIAH BINTI TENGKU AHMED,FEMALE,,4932,,,,,,,,PAS,MUHAMED BIN ABDUL RAHMAN,MALE,,4449,,,,,,,,,,,,,,INDEPENDENT,MOHAMAD BIN SAMAT,MALE,,309,LOST DEPOSIT,,,,,,,,,,,,,,,,,,
P.16_N.3,KELANTAN,P.16,TUMPAT,N.3,WAKAF BAHARU,BN - UMNO,,14548,1365,79.96,11632,345,11287,UMNO,OMAR BIN AWANG KECHIK,MALE,,6326,,,,,,,,PAS,RAMLI BIN ABU BAKAR,MALE,,4961,,,,,,,,,,,,,,,,,,,,,,,,,,,,,,,,,,,,,
P.17_N.4,KELANTAN,P.17,PENGKALAN CHEPA,N.4,SEMUT API,PAS,,13375,2689,79.34,10612,245,10367,UMNO,NIK ABDUL AZIZ HAJI NIK HUSSIN,MALE,,3839,,,,,,,,PAS,WAN MAMAT BIN WAN YUSOFF,MALE,,6528,,,,,,,,,,,,,,,,,,,,,,,,,,,,,,,,,,,,,
P.17_N.5,KELANTAN,P.17,PENGKALAN CHEPA,N.5,KEMUMIN,PAS,Y,11795,,,,,,,,,,,,,,,,,,PAS,CHE HASSAN BIN CHE ISHAK,MALE,,,,,,,,,,,,,,,,,,,,,,,,,,,,,,,,,,,,,,,
P.17_N.6,KELANTAN,P.17,PENGKALAN CHEPA,N.6,SERING,PAS,,11546,1464,83.37,9626,196,9430,BERJASA,AB. HAMID BIN AHMAD,MALE,,3983,,,,,,,,PAS,DAUD BIN IBRAHIM,MALE,,5447,,,,,,,,,,,,,,,,,,,,,,,,,,,,,,,,,,,,,
P.18_N.7,KELANTAN,P.18,PASIR MAS,N.7,TENDONG,BN - BERJASA,,12898,1468,80.57,10393,251,10142,BERJASA,ABD. GHANI BIN HJ. MAHMOOD,MALE,,5805,,,,,,,,PAS,HAJI ZAKARIA BIN ISMAIL,MALE,,4337,,,,,,,,,,,,,,,,,,,,,,,,,,,,,,,,,,,,,
P.18_N.8,KELANTAN,P.18,PASIR MAS,N.8,MERANTI,PAS,,11035,1937,78.85,8701,164,8537,BERJASA,HANIFA BIN AHMAD,MALE,,3300,,,,,,,,PAS,NIK MAN BIN NIK MOHAMED,MALE,,5237,,,,,,,,,,,,,,,,,,,,,,,,,,,,,,,,,,,,,
P.18_N.9,KELANTAN,P.18,PASIR MAS,N.9,BANDAR PASIR MAS,BN - UMNO,,13449,1494,73.92,9941,97,9844,UMNO,MOHD HASSAN CHE WAIL @ HASSAN BIN ISMAIL,MALE,,5669,,,,,,,,PAS,HASHIM BIN HAJI OMAR,MALE,,4175,,,,,,,,,,,,,,,,,,,,,,,,,,,,,,,,,,,,,
P.19_N.10,KELANTAN,P.19,KOTA BAHARU,N.10,SUNGAI KELADI,BN - MCA,,18714,2564,73.19,13697,192,13505,MCA,FOO CHOW YONG,MALE,,7652,,DAP,KANG SAM CHUAN,,,765,LOST DEPOSIT,PAS,AB. HALIM BIN AB. RAHMAN,MALE,,5088,,,,,,,,,,,,,,,,,,,,,,,,,,,,,,,,,,,,,
P.19_N.11,KELANTAN,P.19,KOTA BAHARU,N.11,TELIPOK,BN - UMNO,,16017,1566,74.15,11876,162,11714,UMNO,AHMAD RASTOM HAJI AHMAD MAHER,MALE,,6462,,DAP,YA'ACOB BIN ABDULLAH,MALE,,356,LOST DEPOSIT,PAS,MOHD NASSIM BIN DATO' HAJI MOHD. SALLEH,MALE,,4896,,,,,,,,,,,,,,,,,,,,,,,,,,,,,,,,,,,,,
P.19_N.12,KELANTAN,P.19,KOTA BAHARU,N.12,KUBANG KERIAN,PAS,,15507,914,77.67,12045,169,11876,BERJASA,MUHAMAD @ MOHAMAD RASIDI BIN HAJI ABDULLAH,MALE,,5481,,,,,,,,PAS,MOHD. ASRI BIN HAJI MUDA,MALE,,6395,,,,,,,,,,,,,,,,,,,,,,,,,,,,,,,,,,,,,
P.20_N.13,KELANTAN,P.20,BACHOK,N.13,TAWANG,PAS,,13272,547,85.04,11286,265,11021,BERJASA,HASSAN BIN ABDULLAH,MALE,,5237,,,,,,,,PAS,IDRIS BIN AHMAD,MALE,,5784,,,,,,,,,,,,,,,,,,,,,,,,,,,,,,,,,,,,,
P.20_N.14,KELANTAN,P.20,BACHOK,N.14,PERUPOK,PAS,,11359,704,82.7,9394,212,9182,BERJASA,ABDUL FATTAH BIN HAJI IDRIS,MALE,,4239,,,,,,,,PAS,MAMAT BIN AWANG @ MOHD NOR B. AWANG,MALE,,4943,,,,,,,,,,,,,,,,,,,,,,,,,,,,,,,,,,,,,
P.20_N.15,KELANTAN,P.20,BACHOK,N.15,JELAWAT,BN - UMNO,,12955,200,82.43,10679,182,10497,UMNO,MOHAMAD BIN HAJI HASSAN,MALE,,5184,,,,,,,,PAS,SHAARY BIN HAJI AWANG,MALE,,4984,,,,,,,,,,,,,,INDEPENDENT,MOHD. ZAIN BIN ABDULLAH,MALE,,329,LOST DEPOSIT,,,,,,,,,,,,,,,,,,
P.21_N.16,KELANTAN,P.21,RANTAU PANJANG,N.16,GUAL PERIOK,BN - UMNO,,9424,142,77.18,7274,96,7178,UMNO,ZAKARIA BIN BOTOK,MALE,,3660,,,,,,,,PAS,MOHD. SAARI BIN AWANG ALI,MALE,,3518,,,,,,,,,,,,,,,,,,,,,,,,,,,,,,,,,,,,,
P.21_N.17,KELANTAN,P.21,RANTAU PANJANG,N.17,LEMAL,PAS,,9140,258,78.17,7145,127,7018,BERJASA,NOOR MOHAMED BIN MOHAMED DIN,MALE,,3380,,,,,,,,PAS,ABDUL FATAH BIN HAJI HARON,MALE,,3638,,,,,,,,,,,,,,,,,,,,,,,,,,,,,,,,,,,,,
P.21_N.18,KELANTAN,P.21,RANTAU PANJANG,N.18,TOK UBAN,BN - BERJASA,,9929,27,82.02,8144,217,7927,BERJASA,DAUD @ DAUD YATIMEE BIN AHMAD,MALE,,3977,,,,,,,,PAS,AB. GHANI BIN AB. RAHMAN,MALE,,3950,,,,,,,,,,,,,,,,,,,,,,,,,,,,,,,,,,,,,
P.22_N.19,KELANTAN,P.22,NILAM PURI,N.19,SALOR,PAS,,13002,498,82.63,10744,186,10558,,,,,,,,,,,,,PAS,MUSTAPHA BIN IBRAHIM,MALE,,5528,,,,,,,,,,,,,,INDEPENDENT,MUHAMAD TAHAR JALAADIN BIN HUSIN,MALE,,5030,,,,,,,,,,,,,,,,,,,
P.22_N.20,KELANTAN,P.22,NILAM PURI,N.20,KETEREH,BN - UMNO,,11558,1015,83.61,9664,135,9529,UMNO,ARIFFIN BIN MAHMOOD,MALE,,5272,,,,,,,,PAS,CHE WIL BIN CHE ALI,MALE,,4257,,,,,,,,,,,,,,,,,,,,,,,,,,,,,,,,,,,,,
P.22_N.21,KELANTAN,P.22,NILAM PURI,N.21,PERINGAT,BN - BERJASA,,11398,536,81.6,9301,119,9182,BERJASA,WAN HASHIM BIN HAJI WAN AHMAD,MALE,,4859,,,,,,,,PAS,WAN DAUD BIN WAN JUSOH,MALE,,4323,,,,,,,,,,,,,,,,,,,,,,,,,,,,,,,,,,,,,
P.23_N.22,KELANTAN,P.23,TANAH MERAH,N.22,BUKIT PANAU,BN - UMNO,,11629,645,82.65,9611,128,9483,UMNO,AB. LATIF BIN HAJI AB. RAHMAN,MALE,,5064,,,,,,,,PAS,IBRAHIM @ WAN YUSOFF BIN HAJI WAN MARMAT,MALE,,4419,,,,,,,,,,,,,,,,,,,,,,,,,,,,,,,,,,,,,
P.23_N.23,KELANTAN,P.23,TANAH MERAH,N.23,LANAS,BN - UMNO,,10489,863,85.36,8954,123,8831,UMNO,MOHAMED BIN YA'ACOB,MALE,,4847,,,,,,,,PAS,ABDULLAH BIN CHE HASSAN,MALE,,3984,,,,,,,,,,,,,,,,,,,,,,,,,,,,,,,,,,,,,
P.23_N.24,KELANTAN,P.23,TANAH MERAH,N.24,GUAL IPOH,BN - UMNO,,8929,2047,84.86,7577,136,7441,UMNO,MUSTAFA BIN YAAKUB,MALE,,4744,,,,,,,,PAS,HAJI OTHMAN BIN HAJI HASSAN,MALE,,2697,,,,,,,,,,,,,,,,,,,,,,,,,,,,,,,,,,,,,
P.24_N.25,KELANTAN,P.24,MACHANG,N.25,PULAI CHONDONG,BN - UMNO,,9265,1137,85.14,7888,142,7746,UMNO,ABDULLAH BIN HJ. MOHAMED,MALE,,4442,,,,,,,,PAS,ARSHAD BIN MAMAT,MALE,,3304,,,,,,,,,,,,,,,,,,,,,,,,,,,,,,,,,,,,,
P.24_N.26,KELANTAN,P.24,MACHANG,N.26,BANDAR MACHANG,BN - UMNO,,12743,351,81.64,10404,199,10205,UMNO,IBRAHIM BIN MOHAMED,MALE,,5278,,,,,,,,PAS,ABDUL MANAN BIN MOHAMED,MALE,,4927,,,,,,,,,,,,,,,,,,,,,,,,,,,,,,,,,,,,,
P.24_N.27,KELANTAN,P.24,MACHANG,N.27,SUNGAI RASAU,BN - UMNO,,7433,957,82.74,6150,87,6063,UMNO,YAHYA BIN HJ. YUSOFF,MALE,,3510,,,,,,,,PAS,NAWAWI BIN HJ. MUHAMMAD,MALE,,2553,,,,,,,,,,,,,,,,,,,,,,,,,,,,,,,,,,,,,
P.25_N.28,KELANTAN,P.25,PASIR PUTEH,N.28,SELISING,PAS,Y,12320,,,,,,,,,,,,,,,,,,PAS,ABD. RAHMAN BIN HAJI AHMAD,MALE,,,,,,,,,,,,,,,,,,,,,,,,,,,,,,,,,,,,,,,
P.25_N.29,KELANTAN,P.25,PASIR PUTEH,N.29,BANDAR PASIR PUTEH,BN - UMNO,,10601,1227,76.94,8157,97,8060,UMNO,RAJA MAHMUD BIN RAJA MAMAT,MALE,,4567,,,,,,,,PAS,MUSTAFFA BIN HUSSAIN,MALE,,3340,,,,,,,,,,,,,,INDEPENDENT,MOHD NOOR BIN MOHAMED,MALE,,153,LOST DEPOSIT,,,,,,,,,,,,,,,,,,
P.25_N.30,KELANTAN,P.25,PASIR PUTEH,N.30,CHERANG RUKU,BN - UMNO,,11163,931,84.14,9393,112,9281,UMNO,MAT JELANI @ MOHAMMED JELANI BIN JAAFAR,MALE,,5106,,,,,,,,PAS,MAT NOOR BIN MAMAT,MALE,,4175,,,,,,,,,,,,,,,,,,,,,,,,,,,,,,,,,,,,,
P.26_N.31,KELANTAN,P.26,KUALA KERAI,N.31,TEMANGAN,BN - UMNO,,7526,1177,84.8,6382,95,6287,UMNO,SALLEH BIN CHE HARUN,MALE,,3732,,,,,,,,PAS,MOHD NOOR BIN HAJI YAAKUB,MALE,,2555,,,,,,,,,,,,,,,,,,,,,,,,,,,,,,,,,,,,,
P.26_N.32,KELANTAN,P.26,KUALA KERAI,N.32,GUCHIL,BN - UMNO,,8887,133,84.18,7481,156,7325,UMNO,MOHAMED BIN ISA,MALE,,3729,,,,,,,,PAS,WAN HASAN BIN WAN YUSOF,MALE,,3596,,,,,,,,,,,,,,,,,,,,,,,,,,,,,,,,,,,,,
P.26_N.33,KELANTAN,P.26,KUALA KERAI,N.33,PAHI,BN - UMNO,,8032,1357,79.56,6390,136,6254,UMNO,AB. AZIZ BIN TALIB,MALE,,3710,,,,,,,,PAS,MOHD. ZAHARI BIN AWANG,MALE,,2353,,,,,,,,,,,,,,INDEPENDENT,LEE PONG HIN @ LEE KHOON HENG,,,191,LOST DEPOSIT,,,,,,,,,,,,,,,,,,
P.27_N.34,KELANTAN,P.27,ULU KELANTAN,N.34,JELI,BN - UMNO,,8634,751,86.33,7454,131,7323,UMNO,AB. SAMAT BIN HAJI DRAHMAN,MALE,,4037,,,,,,,,PAS,HAJI ZAINAL ABIDIN HAJI YACOB,MALE,,3286,,,,,,,,,,,,,,,,,,,,,,,,,,,,,,,,,,,,,
P.27_N.35,KELANTAN,P.27,ULU KELANTAN,N.35,GUA MUSANG,BN - UMNO,,13574,3726,76.58,10395,249,10146,UMNO,ABDUL GHANI BIN ABU BAKAR,MALE,,6936,,,,,,,,PAS,BUNIYAMIN BIN YAAKOB,MALE,,3210,,,,,,,,,,,,,,,,,,,,,,,,,,,,,,,,,,,,,
P.27_N.36,KELANTAN,P.27,ULU KELANTAN,N.36,MANEK URAI,BN - UMNO,,10142,1042,81.63,8279,153,8126,UMNO,ARIFFIN BIN SAID,MALE,,4584,,,,,,,,PAS,WAN ABDULLAH BIN WAN SU,MALE,,3542,,,,,,,,,,,,,,,,,,,,,,,,,,,,,,,,,,,,,
P.28_N.1,TERENGGANU,P.28,BESUT,N.1,KUALA BESUT,BN - UMNO,,9402,1143,82.8,7785,166,7619,UMNO,WAN ZAKARIA BIN ABD. RAHMAN,MALE,,4381,,,,,,,,PAS,MUHAMMAD BIN JUSOH,MALE,,3238,,,,,,,,,,,,,,,,,,,,,,,,,,,,,,,,,,,,,
P.28_N.2,TERENGGANU,P.28,BESUT,N.2,KAMPONG RAJA,BN - UMNO,,8880,1001,83.52,7417,178,7239,UMNO,ABDULLAH BIN MUHAMMAD,MALE,,4120,,,,,,,,PAS,ABDULLAH BIN MOHAMED,MALE,,3119,,,,,,,,,,,,,,,,,,,,,,,,,,,,,,,,,,,,,
P.28_N.3,TERENGGANU,P.28,BESUT,N.3,BUKIT KENAK,BN - UMNO,,9295,1181,84.92,7893,218,7675,UMNO,HASSAN BIN HAJI SAID,MALE,,4428,,,,,,,,PAS,ABD. LATIF BIN MOHAMAD,MALE,,3247,,,,,,,,,,,,,,,,,,,,,,,,,,,,,,,,,,,,,
P.28_N.4,TERENGGANU,P.28,BESUT,N.4,ULU BESUT,BN - UMNO,,9164,1083,82.62,7571,163,7408,UMNO,MAT HASAN BIN ABDULLAH @ HUSIN BIN HAJI ABDULLAH,MALE,,4209,,,,,,,,PAS,HUSIN BIN JUSOH,MALE,,3126,,,,,,,,,,,,,,INDEPENDENT,LUA BYEO CHEONG @ LUA CHEONG ENG,,,73,LOST DEPOSIT,,,,,,,,,,,,,,,,,,
P.29_N.5,TERENGGANU,P.29,ULU NERUS,N.5,SETIU,BN - UMNO,,7367,1528,83.07,6120,210,5910,UMNO,TENGKU MAHMUD BIN MANSOR @ ABDULLAH BIN TENGKU MANSOR @ CHE KU,MALE,,3719,,,,,,,,PAS,MOHD. NOR BIN SULONG,MALE,,2191,,,,,,,,,,,,,,,,,,,,,,,,,,,,,,,,,,,,,
P.29_N.6,TERENGGANU,P.29,ULU NERUS,N.6,LANGKAP,BN - UMNO,,8763,1992,80.69,7071,220,6851,UMNO,SALLEH BIN MAMAT,MALE,,4380,,,,,,,,PAS,MAHMOOD BIN SULAIMAN,MALE,,2388,,PSRM,DAUD BIN AWANG,MALE,,83,LOST DEPOSIT,,,,,,,,,,,,,,,,,,,,,,,,,,,,,,
P.29_N.7,TERENGGANU,P.29,ULU NERUS,N.7,BATU RAKIT,BN - UMNO,,6512,750,80.7,5255,149,5106,UMNO,W. IBRAHIM BIN W. OTHMAN,MALE,,2928,,,,,,,,PAS,DAUD BIN AWANG,MALE,,2178,,,,,,,,,,,,,,,,,,,,,,,,,,,,,,,,,,,,,
P.29_N.8,TERENGGANU,P.29,ULU NERUS,N.8,SEBERANG TAKIR,BN - UMNO,,8970,2632,76.34,6848,160,6688,UMNO,ABDUL RASHID BIN NGAH,MALE,,4660,,,,,,,,PAS,FADZULLAH BIN HAJI SHUIB,MALE,,2028,,,,,,,,,,,,,,,,,,,,,,,,,,,,,,,,,,,,,
P.30_N.9,TERENGGANU,P.30,ULU TRENGGANU,N.9,TELEMONG,BN - UMNO,,6180,1491,87.35,5398,183,5215,UMNO,AHMAD SIDI @ MOHAMAD BIN HAJI ISMAIL,MALE,,3353,,,,,,,,PAS,MAT ALI BIN IDRIS,MALE,,1862,,,,,,,,,,,,,,,,,,,,,,,,,,,,,,,,,,,,,
P.30_N.10,TERENGGANU,P.30,ULU TRENGGANU,N.10,BINJAI,BN - UMNO,,8889,337,83.06,7383,256,7127,UMNO,MOHD. NOR BIN ALI,MALE,,3732,,,,,,,,PAS,ABDUL WAHAB BIN SALLEH,MALE,,3395,,,,,,,,,,,,,,,,,,,,,,,,,,,,,,,,,,,,,
P.30_N.11,TERENGGANU,P.30,ULU TRENGGANU,N.11,TANGGOL,BN - UMNO,,7866,597,81.9,6442,199,6243,UMNO,MUSTAFA BIN MUDA,MALE,,3420,,,,,,,,PAS,HAJI ABDUL RASHID BIN SU,MALE,,2823,,,,,,,,,,,,,,,,,,,,,,,,,,,,,,,,,,,,,
P.30_N.12,TERENGGANU,P.30,ULU TRENGGANU,N.12,KUALA BRANG,BN - UMNO,,6048,102,84.19,5092,158,4934,UMNO,WAN MUDA BIN MOHD.,MALE,,2518,,,,,,,,PAS,MOHD. GHAZALI BIN HAJI AHMAD,MALE,,2416,,,,,,,,,,,,,,,,,,,,,,,,,,,,,,,,,,,,,
P.31_N.13,TERENGGANU,P.31,KUALA NERUS,N.13,JERAM,PAS,,7923,208,84.87,6724,156,6568,UMNO,SUFIAN BIN MOHD. SAID,MALE,,3180,,,,,,,,PAS,ABU BAKAR BIN CHIK,MALE,,3388,,,,,,,,,,,,,,,,,,,,,,,,,,,,,,,,,,,,,
P.31_N.14,TERENGGANU,P.31,KUALA NERUS,N.14,BUKIT TUNGGAL,BN - UMNO,,7508,1781,78.69,5908,179,5729,UMNO,GHAZALI BIN ENDUT,MALE,,3755,,,,,,,,PAS,AWANG BIN ABU BAKAR,MALE,,1974,,,,,,,,,,,,,,,,,,,,,,,,,,,,,,,,,,,,,
P.31_N.15,TERENGGANU,P.31,KUALA NERUS,N.15,MANIR,PAS,,9338,932,80.42,7510,174,7336,UMNO,SULAIMAN @ JAMALUDDIN BIN JUSOH,MALE,,3202,,,,,,,,PAS,HARUN BIN TAIB,MALE,,4134,,,,,,,,,,,,,,,,,,,,,,,,,,,,,,,,,,,,,
P.31_N.16,TERENGGANU,P.31,KUALA NERUS,N.16,BUKIT PAYONG,BN - UMNO,,8500,360,81.88,6960,182,6778,UMNO,ABDUL RAZIK BIN TAIB,MALE,,3569,,,,,,,,PAS,HUSSIN BIN ISMAIL,MALE,,3209,,,,,,,,,,,,,,,,,,,,,,,,,,,,,,,,,,,,,
P.32_N.17,TERENGGANU,P.32,KUALA TRENGGANU,N.17,BANDAR,BN - MCA,,13630,1661,75.87,10341,264,10077,MCA,TOK TENG SAI,MALE,,4064,,,,,,,,PAS,ABD. HALIM BIN HJ. MOHD. SHAFIE,MALE,,2403,,PSRM,MAZLAN @ MAHMUD BIN EMBONG,MALE,,520,LOST DEPOSIT,,,,,,,INDEPENDENT,YUSOF BIN ABDULLAH @ YUSOF ALBAKRI,MALE,,814,LOST DEPOSIT,INDEPENDENT,MOHAMAD DAHAM BIN SULAIMAN,MALE,,60,LOST DEPOSIT,INDEPENDENT,WEE CHENG HUAT,,,2101,,INDEPENDENT,AB. GHANI BIN MOHD.,MALE,,115,LOST DEPOSIT
P.32_N.18,TERENGGANU,P.32,KUALA TRENGGANU,N.18,LADANG,BN - UMNO,,10625,2605,70.46,7487,145,7342,UMNO,ABU BAKAR BIN DAUD,MALE,,4888,,,,,,,,PAS,HAJI ABBAS BIN HJ. ALIAS,MALE,,2283,,PSRM,YASIN @ ISMAIL BIN AWANG,MALE,,171,LOST DEPOSIT,,,,,,,,,,,,,,,,,,,,,,,,,,,,,,
P.32_N.19,TERENGGANU,P.32,KUALA TRENGGANU,N.19,WAKAF MEMPELAM,PAS,,9473,421,77.67,7358,172,7186,UMNO,MOHAMED SHAFIE BIN DERAMAN @ ABD. RAHMAN,MALE,,3291,,,,,,,,PAS,MUSTAFA @ HASSAN BIN ALI,MALE,,3712,,PSRM,SYED SHAFIE BIN TUAN BAHARU,MALE,,183,LOST DEPOSIT,,,,,,,,,,,,,,,,,,,,,,,,,,,,,,
P.32_N.20,TERENGGANU,P.32,KUALA TRENGGANU,N.20,BATU BUROK,PAS,,10228,86,79.02,8082,210,7872,UMNO,MUSTAFA BIN AWANG,MALE,,3893,,,,,,,,PAS,WAN ABD. MUTTALIB @ WAN MUSA BIN EMBONG,MALE,,3979,,,,,,,,,,,,,,,,,,,,,,,,,,,,,,,,,,,,,
P.33_N.21,TERENGGANU,P.33,DUNGUN,N.21,MARANG,PAS,,8497,133,85.33,7251,172,7079,UMNO,TENGKU ZAHID @ TENGKU NGAH BIN TENGKU MUSA,MALE,,3473,,,,,,,,PAS,ABDUL HADI BIN HAJI AWANG,MALE,,3606,,,,,,,,,,,,,,,,,,,,,,,,,,,,,,,,,,,,,
P.33_N.22,TERENGGANU,P.33,DUNGUN,N.22,MERCHANG,BN - UMNO,,7341,826,81.61,5991,168,5823,UMNO,HARUN BIN ALI,MALE,,3295,,,,,,,,PAS,KASIM BIN AHMAD,MALE,,2469,,PSRM,ABDULLAH BIN MAT,MALE,,59,LOST DEPOSIT,,,,,,,,,,,,,,,,,,,,,,,,,,,,,,
P.33_N.23,TERENGGANU,P.33,DUNGUN,N.23,SURA,BN - UMNO,,9785,1246,74.02,7243,134,7109,UMNO,OTHMAN BIN OMAR,MALE,,4111,,,,,,,,PAS,OMAR SHUKRI BIN EMBONG,MALE,,2865,,PSRM,MOHAMAD ZAID @ MOHAMAD BIN LONG,MALE,,133,LOST DEPOSIT,,,,,,,,,,,,,,,,,,,,,,,,,,,,,,
P.33_N.24,TERENGGANU,P.33,DUNGUN,N.24,JERANGAU,BN - UMNO,,5441,1633,79.16,4307,86,4221,UMNO,HAJI DRAMAN @ MUDA BIN ABDULLAH,MALE,,2911,,,,,,,,PAS,ABDUL WAHAB BIN YUNUS,MALE,,1278,,PSRM,TENGKU MOHD. NOOR BIN EMBONG,MALE,,32,LOST DEPOSIT,,,,,,,,,,,,,,,,,,,,,,,,,,,,,,
P.34_N.25,TERENGGANU,P.34,KEMAMAN,N.25,PAKA,BN - UMNO,,7635,984,79.82,6094,240,5854,UMNO,SYED OMAR BIN MOHAMMAD,MALE,,3419,,,,,,,,PAS,ABDULLAH BIN MOHAMAD,MALE,,2435,,,,,,,,,,,,,,,,,,,,,,,,,,,,,,,,,,,,,
P.34_N.26,TERENGGANU,P.34,KEMAMAN,N.26,KEMASEK,BN - UMNO,,8072,2416,78.64,6348,256,6092,UMNO,DATO' WAN ADNAN BIN ISMAIL,MALE,,4254,,,,,,,,PAS,AWANG BIN JUSOH,MALE,,1838,,,,,,,,,,,,,,,,,,,,,,,,,,,,,,,,,,,,,
P.34_N.27,TERENGGANU,P.34,KEMAMAN,N.27,BUKIT BANDI,BN - UMNO,,10142,1963,74.61,7567,260,7307,UMNO,ISMAIL BIN SALLEH,MALE,,4635,,,,,,,,PAS,HARON BIN ENDUT,MALE,,2672,,,,,,,,,,,,,,,,,,,,,,,,,,,,,,,,,,,,,
P.34_N.28,TERENGGANU,P.34,KEMAMAN,N.28,CHUKAI,BN - UMNO,,10618,2138,73.8,7836,233,7603,UMNO,DATO' WAN MOKHTAR BIN AHMAD,MALE,,4747,,,,,,,,PAS,SYED AGIL BIN MOHSIN,MALE,,2609,,,,,,,,,,,,,,INDEPENDENT,TUN ABU BAKAR BIN OMAR,MALE,,247,LOST DEPOSIT,,,,,,,,,,,,,,,,,,
P.35_N.1,PULAU PINANG,P.35,KEPALA BATAS,N.1,PENAGA,BN - UMNO,,11063,3424,79.08,8749,237,8512,UMNO,HASSAN BIN MAT NOOR @ DATUK HAJI HASSAN NOH.,MALE,,5968,,,,,,,,PAS,ISMAIL BIN HAMID,MALE,,2544,,,,,,,,,,,,,,,,,,,,,,,,,,,,,,,,,,,,,
P.35_N.2,PULAU PINANG,P.35,KEPALA BATAS,N.2,BERTAM,BN - UMNO,,10344,4092,79.7,8244,178,8066,UMNO,ABDUL RAHMAN BIN HJ. ABBAS,MALE,,5568,,DAP,KHOO SOO HOE,,,1476,,PAS,ISMAIL BIN ABDULLAH,MALE,,1022,,,,,,,,,,,,,,,,,,,,,,,,,,,,,,,,,,,,,
P.35_N.3,PULAU PINANG,P.35,KEPALA BATAS,N.3,TASEK GELUGOR,BN - UMNO,,10074,2820,82.21,8282,170,8112,UMNO,SAMSUDIN BIN AHMAD @ MD. NOOR BIN AHMAD,MALE,,4800,,DAP,ONG SWEE HUAT,,,1980,,PAS,ZAINOL BIN SAAD,MALE,,1175,,,,,,,,,,,,,,INDEPENDENT,ARSHAD BIN AHMAD,MALE,,157,LOST DEPOSIT,,,,,,,,,,,,,,,,,,
P.36_N.4,PULAU PINANG,P.36,MATA KUCHING,N.4,BAGAN AJAM,BN - UMNO,,14801,4478,78.27,11585,227,11358,UMNO,YUSOF BIN SALLEH,MALE,,6919,,DAP,ALI BIN KASIM,MALE,,2441,,PAS,AHMAD BIN ABDUL RAHMAN,MALE,,1607,,,,,,,,,,,,,,INDEPENDENT,KHAW HOCK TEIK @ KHAW TEIK HOCK,,,391,LOST DEPOSIT,,,,,,,,,,,,,,,,,,
P.36_N.5,PULAU PINANG,P.36,MATA KUCHING,N.5,BAGAN JERMAL,BN - MCA,,22176,2639,79.21,17566,319,17247,MCA,SAK CHENG LUM,MALE,,8609,,DAP,GOH SIGN KHOON,,,5970,,,,,,,,,,,,,,,,,,,,INDEPENDENT,PHEE BOON POH,MALE,,2668,,,,,,,,,,,,,,,,,,,
P.36_N.6,PULAU PINANG,P.36,MATA KUCHING,N.6,BAGAN DALAM,BN - MIC,,20658,2579,75.27,15549,342,15207,MIC,SUBBIAH S/O THEVARAYAN CHETTIAR,MALE,,7199,,DAP,RAJA GOPAL A/L RAMAYA,MALE,,4620,,,,,,,,SDP,YEAP CHIM GUAN,MALE,,401,LOST DEPOSIT,KITA,V. APAOO A/L VEERIAYAH,MALE,,93,LOST DEPOSIT,INDEPENDENT,LOONG KOK KHOON,,,2832,,INDEPENDENT,SATHASIVAM S/O SWAMINATHEN,MALE,,62,LOST DEPOSIT,,,,,,,,,,,,
P.37_N.7,PULAU PINANG,P.37,PERMATANG PAUH,N.7,SUNGAI DUA,BN - UMNO,,9577,3141,81.07,7764,147,7617,UMNO,MOHD. SHARIFF BIN OMAR,MALE,,5379,,,,,,,,PAS,HAJI ZABIDI BIN HAJI ALI,MALE,,2238,,,,,,,,,,,,,,,,,,,,,,,,,,,,,,,,,,,,,
P.37_N.8,PULAU PINANG,P.37,PERMATANG PAUH,N.8,KUBANG SEMANG,BN - UMNO,,11623,4371,80.33,9453,201,9252,UMNO,MD. ISA BIN HAJI RAMLI,MALE,,6397,,DAP,TAN AH HUAT,,,829,LOST DEPOSIT,PAS,HJ. AHMAD HASSAN SALAHUDDIN BIN HAJI MOHD. KHALIL,MALE,,2026,,,,,,,,,,,,,,,,,,,,,,,,,,,,,,,,,,,,,
P.37_N.9,PULAU PINANG,P.37,PERMATANG PAUH,N.9,PENANTI,BN - UMNO,,11178,2760,77.76,8692,244,8448,UMNO,JUSOH @ YUSOF HILMI BIN HJ. SHAFIE,MALE,,5604,,,,,,,,PAS,MOHAMAD BIN SABU,MALE,,2844,,,,,,,,,,,,,,,,,,,,,,,,,,,,,,,,,,,,,
P.38_N.10,PULAU PINANG,P.38,BUKIT MERTAJAM,N.10,BUKIT TENGAH,BN - GERAKAN,,17547,7236,77.89,13667,391,13276,GERAKAN,LIONG AH SOW @ LIANG THAU SANG,,,9570,,,,,,,,PAS,JAFFAR BIN AHMAD,MALE,,2334,,,,,,,,,,,,,,INDEPENDENT,NG SEN KWEI,,,1372,LOST DEPOSIT,,,,,,,,,,,,,,,,,,
P.38_N.11,PULAU PINANG,P.38,BUKIT MERTAJAM,N.11,PEKAN BUKIT MERTAJAM,BN - MCA,,22201,2843,77.91,17296,399,16897,MCA,SONG BAN KHENG,MALE,,9870,,DAP,CHIN KOOI THOON,,,7027,,,,,,,,,,,,,,,,,,,,,,,,,,,,,,,,,,,,,,,,,,,
P.38_N.12,PULAU PINANG,P.38,BUKIT MERTAJAM,N.12,MACHANG BUBOK,BN - GERAKAN,,13576,4749,81.24,11029,282,10747,GERAKAN,LIM HENG TEE @ LIM KING GUAN,,,6859,,DAP,TAN ENG TUT @ TAN ENG TUCK,,,1778,,PAS,AHMAD SOBKI BIN ABDULLAH,MALE,,2110,,,,,,,,,,,,,,,,,,,,,,,,,,,,,,,,,,,,,
P.39_N.13,PULAU PINANG,P.39,NIBONG TEBAL,N.13,BUKIT TAMBUN,BN - MCA,,9970,1291,80.87,8063,342,7721,MCA,KHOO SOO KHENG,MALE,,4506,,DAP,TAN YAM SOON,,,3215,,,,,,,,,,,,,,,,,,,,,,,,,,,,,,,,,,,,,,,,,,,
P.39_N.14,PULAU PINANG,P.39,NIBONG TEBAL,N.14,SUNGAI BAKAP,BN - GERAKAN,,12042,3526,77.32,9311,315,8996,GERAKAN,TEOH CHUNG HOR @ TEOH KOOI SNEAH,MALE,,5499,,DAP,LEE HEE SENG,,,1524,,PAS,AB. HAMID BIN DARUS,MALE,,1973,,,,,,,,,,,,,,,,,,,,,,,,,,,,,,,,,,,,,
P.39_N.15,PULAU PINANG,P.39,NIBONG TEBAL,N.15,SUNGAI ACHEH,BN - UMNO,,13983,2305,76.16,10650,266,10384,UMNO,HJ. AHMAD BIN SALEH,MALE,,5893,,DAP,MD. NOOR BIN SHAARI,MALE,,3588,,PAS,ABDUL MAJID @ ABDUL RAHIM BIN HAJI ABDUL RAHMAN,MALE,,604,LOST DEPOSIT,,,,,,,,,,,,,INDEPENDENT,SANDAMAN A/L YAGAPPAN,MALE,,299,LOST DEPOSIT,,,,,,,,,,,,,,,,,,
P.40_N.16,PULAU PINANG,P.40,BALIK PULAU,N.16,TELOK BAHANG,BN - UMNO,,13623,2672,73.75,10047,237,9810,UMNO,YAHAYA BIN AHMAD,MALE,,6241,,,,,,,,,,,,,,PSRM,KASSIM @ OSMAN BIN AHMAD,MALE,,3569,,,,,,,,,,,,,,,,,,,,,,,,,,,,,,,
P.40_N.17,PULAU PINANG,P.40,BALIK PULAU,N.17,SUNGAI NIBONG,BN - GERAKAN,,21985,4601,70.4,15478,144,15334,GERAKAN,TAN CHONG TEIK,MALE,,9083,,,,,,,,PAS,HAJI YUSOF BIN HAJI ABDULLAH,MALE,,1769,LOST DEPOSIT,PSRM,MOHIDEEN ABDUL KADER S/O MOHD. YUSOFF RAWTHER,MALE,,4482,,,,,,,,,,,,,,,,,,,,,,,,,,,,,,,
P.40_N.18,PULAU PINANG,P.40,BALIK PULAU,N.18,BAYAN LEPAS,BN - UMNO,,16877,3614,76.27,12873,363,12510,UMNO,MOHD. ZAIN BIN HAJI OMAR,MALE,,8062,,,,,,,,,,,,,,PSRM,OSMAN BIN DIN,MALE,,4448,,,,,,,,,,,,,,,,,,,,,,,,,,,,,,,
P.41_N.19,PULAU PINANG,P.41,BUKIT BENDERA,N.19,TANJONG BUNGA,BN - GERAKAN,,23058,3903,78.87,17495,366,17129,GERAKAN,KHOR NGAK SENG @ KHOR GARK KIM,MALE,,10250,,DAP,PETER DASON S/O MUTHU JAHA DASON @ PETER PAUL DASON,MALE,,6347,,,,,,,,,,,,,,,,,,,,INDEPENDENT,SOOSAI S/O SAVARIMUTHU,MALE,,532,LOST DEPOSIT,,,,,,,,,,,,,,,,,,
P.41_N.20,PULAU PINANG,P.41,BUKIT BENDERA,N.20,AYER HITAM,BN - MCA,,22615,1603,76.58,17318,375,16943,MCA,LEE JONG KI @ LI JONG KI,MALE,,9273,,DAP,GOI HOCK SENG @ GOOI HOCK SENG,MALE,,7670,,,,,,,,,,,,,,,,,,,,,,,,,,,,,,,,,,,,,,,,,,,
P.41_N.21,PULAU PINANG,P.41,BUKIT BENDERA,N.21,PAYA TERUBONG,BN - MCA,,21588,3777,76.72,16562,329,16233,MCA,CHIN NYOK SOO,MALE,,8889,,DAP,WONG HANG YOKE,,,5112,,,,,,,,,,,,,,,,,,,,INDEPENDENT,R. RAJASINGAM S/O A. RASIAH,MALE,,971,LOST DEPOSIT,INDEPENDENT,LEE CHEE LIANG,MALE,34,1261,LOST DEPOSIT,,,,,,,,,,,,
P.42_N.22,PULAU PINANG,P.42,TANJONG,N.22,PADANG KOTA,BN - GERAKAN,,16772,6241,73.51,12330,269,12061,GERAKAN,DR. LIM CHONG EU,MALE,,9151,,DAP,LEE PI CHEANG,,,2910,,,,,,,,,,,,,,,,,,,,,,,,,,,,,,,,,,,,,,,,,,,
P.42_N.23,PULAU PINANG,P.42,TANJONG,N.23,KAMPONG KOLAM,BN - MCA,,19485,559,76.37,14880,319,14561,MCA,WONG HOONG KEAT,MALE,,7560,,DAP,TAN LOO JIT @ YIK KHOON,,,7001,,,,,,,,,,,,,,,,,,,,,,,,,,,,,,,,,,,,,,,,,,,
P.42_N.24,PULAU PINANG,P.42,TANJONG,N.24,PENGKALAN KOTA,DAP,,22478,616,80.59,18115,305,17810,MCA,LIM KEAN SIEW,MALE,,8597,,DAP,TEOH TEIK HUAT,,,9213,,,,,,,,,,,,,,,,,,,,,,,,,,,,,,,,,,,,,,,,,,,
P.43_N.25,PULAU PINANG,P.43,JELUTONG,N.25,DATOK KERAMAT,BN - GERAKAN,,20091,5346,73.68,14804,265,14539,GERAKAN,TEH EWE LIM,MALE,,9619,,DAP,OOI SOO TOE,,,4273,,PAS,MD. AZIS BIN ISKHAK,MALE,,647,LOST DEPOSIT,,,,,,,,,,,,,,,,,,,,,,,,,,,,,,,,,,,,
P.43_N.26,PULAU PINANG,P.43,JELUTONG,N.26,SUNGAI PINANG,BN - GERAKAN,,24645,6371,76.61,18881,441,18440,GERAKAN,DR. ONG HOAN TOE,,,11361,,DAP,SHANMUGAM S/O NADASON,MALE,,4990,,PAS,IDRIS BIN HJ. OSMAN,MALE,,1517,LOST DEPOSIT,,,,,,,,,,,,,INDEPENDENT,PITCHAY A/L M. CHINNIAH,MALE,,572,LOST DEPOSIT,,,,,,,,,,,,,,,,,,
P.43_N.27,PULAU PINANG,P.43,JELUTONG,N.27,BUKIT GELUGOR,DAP,,26357,880,76.19,20082,277,19805,MCA,LIM KAH PIN,MALE,,9179,,DAP,KARPAL SINGH A/L RAM SINGH,MALE,,10059,,,,,,,,SDP,ONG KEAN THONG,,,426,LOST DEPOSIT,,,,,,,INDEPENDENT,TAN TEIK LIM,,,141,LOST DEPOSIT,,,,,,,,,,,,,,,,,,
P.44_N.1,PERAK,P.44,GERIK,N.1,TEMENGGOR,BN - UMNO,Y,12088,,,,,,UMNO,SHAMSUDDIN BIN DIN,MALE,,,,,,,,,,,,,,,,,,,,,,,,,,,,,,,,,,,,,,,,,,,,,,,,,,,
P.44_N.2,PERAK,P.44,GERIK,N.2,KENERING,BN - UMNO,,13421,3936,75.6,10146,562,9584,UMNO,WAN MOHAMED BIN WAN TEH,MALE,,6760,,DAP,CHAN AH KA @ CHOW PEK CHEE,MALE,,2824,,,,,,,,,,,,,,,,,,,,,,,,,,,,,,,,,,,,,,,,,,,
P.45_N.3,PERAK,P.45,LARUT,N.3,SELAMA,BN - UMNO,,11472,3953,75.76,8691,160,8531,UMNO,ABDUL HAK @ ABD. AZIZ BIN HJ. AHMAD,MALE,,6242,,,,,,,,PAS,MOHAMED WAZI BIN CHE NGAH,MALE,,2289,,,,,,,,,,,,,,,,,,,,,,,,,,,,,,,,,,,,,
P.45_N.4,PERAK,P.45,LARUT,N.4,BATU KURAU,BN - UMNO,,13781,4465,75.02,10339,246,10093,UMNO,ABDUL MANAN BIN MOHD. ALI,MALE,,7279,,,,,,,,PAS,HASSAN BIN TALIB,MALE,,2814,,,,,,,,,,,,,,,,,,,,,,,,,,,,,,,,,,,,,
P.46_N.5,PERAK,P.46,PARIT BUNTAR,N.5,SIMPANG LIMA,BN - UMNO,,18070,2064,75.3,13607,335,13272,UMNO,MOHAMED TAIB NAPIAH @ HANAFIAH,MALE,,7668,,,,,,,,PAS,JAAAFAR BIN ALI,MALE,,5604,,,,,,,,,,,,,,,,,,,,,,,,,,,,,,,,,,,,,
P.46_N.6,PERAK,P.46,PARIT BUNTAR,N.6,KUALA KURAU,BN - BERJASA,,20149,1916,77.59,15633,445,15188,BERJASA,SHAARANI B. HAJI MOHAMED,MALE,,7051,,,,,,,,PAS,HASHIM BIN HAJI WALAD,MALE,,5135,,,,,,,,,,,,,,INDEPENDENT,OOI PENG YONG,,,3002,,,,,,,,,,,,,,,,,,,
P.47_N.7,PERAK,P.47,BAGAN SERAI,N.7,ALOR PONGSU,BN - UMNO,,21451,5531,73.37,15738,545,15193,UMNO,MOHAMED BIN ABAS,MALE,,9745,,DAP,JELANI BIN SAMAN,MALE,,1234,LOST DEPOSIT,PAS,SULAIMAN B. HJ. ZAIN,MALE,,4214,,,,,,,,,,,,,,,,,,,,,,,,,,,,,,,,,,,,,
P.47_N.8,PERAK,P.47,BAGAN SERAI,N.8,GUNONG SEMANGGOL,BN - UMNO,,14887,1951,75.45,11232,357,10875,UMNO,SAMSUDIN BIN MAN,MALE,,6413,,,,,,,,PAS,SAFIAN BIN HJ. MD. NOR,MALE,,4462,,,,,,,,,,,,,,,,,,,,,,,,,,,,,,,,,,,,,
P.48_N.9,PERAK,P.48,SUNGAI SIPUT,N.9,LINTANG,BN - UMNO,,14860,5987,70.73,10510,238,10272,UMNO,MEOR OSMAN BIN IMAN PINAWA @ PANJANG MOHD. HANAPIAH,MALE,,7721,,DAP,WONG SHOW SHEEN,,,1734,,PAS,MOHD. SALLEH BIN HJ. IBRAHIM,MALE,,817,LOST DEPOSIT,,,,,,,,,,,,,,,,,,,,,,,,,,,,,,,,,,,,
P.48_N.10,PERAK,P.48,SUNGAI SIPUT,N.10,JALONG,BN - GERAKAN,,17500,2424,77.05,13484,330,13154,GERAKAN,DATO LIM KENG YAIK @ LIM KHENG HENG,MALE,,7789,,DAP,NGOI THIAM WHO,,,5365,,,,,,,,,,,,,,,,,,,,,,,,,,,,,,,,,,,,,,,,,,,
P.49_N.11,PERAK,P.49,TAIPING,N.11,KEMUNTING,BN - UMNO,,19310,6178,73.49,14192,300,13892,UMNO,ABDUL KHALID MOHD. NASIR,MALE,,9248,,DAP,CLEMENT EUSTACE DE BRITO,MALE,,3070,,PAS,SAFARI BIN ABDULLAH,MALE,,1574,LOST DEPOSIT,,,,,,,,,,,,,,,,,,,,,,,,,,,,,,,,,,,,
P.49_N.12,PERAK,P.49,TAIPING,N.12,KELIAN PAUH,BN - GERAKAN,,34866,2027,74.37,25930,693,25237,GERAKAN,SIEW KOK KAN,MALE,,13632,,DAP,LIM NYIT SIN,,,11605,,,,,,,,,,,,,,,,,,,,,,,,,,,,,,,,,,,,,,,,,,,
P.50_N.13,PERAK,P.50,MATANG,N.13,CHANGKAT JERING,BN - GERAKAN,,20614,5804,75.66,15596,364,15232,GERAKAN,CHEONG KAI FU,MALE,,9416,,DAP,YIP WAH,,,3612,,PAS,JAAFAR BIN MAT ARIF,MALE,,2204,,,,,,,,,,,,,,,,,,,,,,,,,,,,,,,,,,,,,
P.50_N.14,PERAK,P.50,MATANG,N.14,BUKIT GANTANG,BN - UMNO,,14548,3229,72.98,10618,303,10315,UMNO,HAJI HASHIM BIN HAJI GHAZALI,MALE,,6772,,,,,,,,PAS,HASSAN BIN HAJI YAHAYA,MALE,,3543,,,,,,,,,,,,,,,,,,,,,,,,,,,,,,,,,,,,,
P.51_N.15,PERAK,P.51,PADANG RENGAS,N.15,LENGGONG,BN - UMNO,,13230,5507,74.93,9914,216,9698,UMNO,UMAR B. HAJI ISMAIL,MALE,,6998,,DAP,BACHAN SINGH,MALE,,1209,LOST DEPOSIT,PAS,AHMAD HELIMI B HJ. AB. SAMAD,MALE,,1491,,,,,,,,,,,,,,,,,,,,,,,,,,,,,,,,,,,,,
P.51_N.16,PERAK,P.51,PADANG RENGAS,N.16,LUBOK MERBAU,BN - UMNO,,13401,2368,73.87,9900,296,9604,UMNO,MIOR ARIS B. MIOR ABU BAKAR,MALE,,5986,,,,,,,,PAS,HAJI AB. SAMAD BIN HAJI NOH,MALE,,3618,,,,,,,,,,,,,,,,,,,,,,,,,,,,,,,,,,,,,
P.52_N.17,PERAK,P.52,KUALA KANGSAR,N.17,BUKIT CHANDAN,BN - UMNO,,17898,3833,70.48,12614,252,12362,UMNO,SHAARI BIN MOHD. NOOR,MALE,,7268,,DAP,FONG CHENG WEE,,,3435,,PAS,HASHIM B. HAJI MAD NOR @ HJ. NOR,MALE,,1659,,,,,,,,,,,,,,,,,,,,,,,,,,,,,,,,,,,,,
P.52_N.18,PERAK,P.52,KUALA KANGSAR,N.18,MANONG,BN - UMNO,,8637,1821,75.3,6504,197,6307,UMNO,SHAFIE BIN MAT SAMAN,MALE,,4064,,,,,,,,PAS,ZABIDIN BIN ALANG OTHMAN,MALE,,2243,,,,,,,,,,,,,,,,,,,,,,,,,,,,,,,,,,,,,
P.53_N.19,PERAK,P.53,KINTA,N.19,CHEMOR,BN - PPP,,40986,11665,73.23,30014,511,29503,PPP,CHIN KEE SEONG,MALE,,19413,,DAP,AHMED BIN AKI,MALE,,7748,,PAS,JAMALUDDIN B. MAT JALI @ HAJI JAMALUDDIN B. MAT JALI,MALE,,2049,LOST DEPOSIT,PEKEMAS,ABU SAMAH BIN MAJID,MALE,,293,LOST DEPOSIT,,,,,,,,,,,,,,,,,,,,,,,,,,,,,,
P.53_N.20,PERAK,P.53,KINTA,N.20,GOPENG,BN - MCA,,28376,3381,76.76,21782,443,21339,MCA,LOKE YUEN YOW,MALE,29,12018,,DAP,KAKLIMUTHU A/L RANGGAYAH,MALE,,8637,,PAS,MOHAMAD NOR B. SELAH,MALE,,684,LOST DEPOSIT,,,,,,,,,,,,,INDEPENDENT,JAGANATHAN A/L NARIANASAMY,MALE,,731,LOST DEPOSIT,,,,,,,,,,,,,,,,,,
P.54_N.21,PERAK,P.54,IPOH,N.21,GUNTONG,BN - MCA,,38195,6515,70.37,26880,468,26412,MCA,CHIN YOONG FEE,MALE,,16098,,DAP,POON SOO HAR,MALE,,9583,,,,,,,,,,,,,,,,,,,,,,,,,,,,,,,,,,,,,,,,,,,
P.54_N.22,PERAK,P.54,IPOH,N.22,KEPAYANG,DAP,,38418,161,73.67,28304,484,27820,PPP,LAM KAM WAH,MALE,,13453,,DAP,LIM CHO HOCK,,,13614,,,,,,,,,,,,,,,,,,,,INDEPENDENT,LEONG WAI MAN,,,753,LOST DEPOSIT,,,,,,,,,,,,,,,,,,
P.55_N.23,PERAK,P.55,MENGLEMBU,N.23,PASIR PUTEH,BN - MCA,,41946,2916,72.66,30477,857,29620,MCA,LIEW YOON SIN,MALE,,16268,,DAP,LOKE SUI CHUN,,,13352,,,,,,,,,,,,,,,,,,,,,,,,,,,,,,,,,,,,,,,,,,,
P.55_N.24,PERAK,P.55,MENGLEMBU,N.24,KUALA PARI,BN - MCA,,30361,3159,75.51,22927,730,22197,MCA,SEW HUA KEW @ WU LIAN HWA,FEMALE,,12678,,DAP,LEE KAK HOI,,,9519,,,,,,,,,,,,,,,,,,,,,,,,,,,,,,,,,,,,,,,,,,,
P.56_N.25,PERAK,P.56,BERUAS,N.25,PENGKALAN BHARU,BN - UMNO,,12695,5406,76.85,9756,200,9556,UMNO,ABD. MALIK BIN AHMAD,MALE,,7129,,DAP,HOR CHOON AUN,,,1723,,PAS,JA'AFAR BIN PUTEH,MALE,,704,LOST DEPOSIT,,,,,,,,,,,,,,,,,,,,,,,,,,,,,,,,,,,,
P.56_N.26,PERAK,P.56,BERUAS,N.26,PANTAI REMIS,DAP,,18696,660,76.58,14318,296,14022,PPP,LAI HAI MENG,,,5066,,DAP,YU YANG KIEN,,,5726,,,,,,,,,,,,,,,,,,,,INDEPENDENT,HEONG HENG KENG @ YOUNG HEOW CHOO,,,1139,LOST DEPOSIT,INDEPENDENT,HO TEH HONG,,,2091,,,,,,,,,,,,,
P.57_N.27,PERAK,P.57,PARIT,N.27,BELANJA,BN - UMNO,Y,17864,,,,,,UMNO,DATUK AHMAD AZIZUDDIN ZAINAL ABIDIN,MALE,,,,,,,,,,,,,,,,,,,,,,,,,,,,,,,,,,,,,,,,,,,,,,,,,,,
P.57_N.28,PERAK,P.57,PARIT,N.28,BOTA,BN - UMNO,,18323,3046,73.22,13417,577,12840,UMNO,ROKIAH BT. KAYAT,FEMALE,,7943,,,,,,,,PAS,OTHMAN BIN ARIS,MALE,,4897,,,,,,,,,,,,,,,,,,,,,,,,,,,,,,,,,,,,,
P.58_N.29,PERAK,P.58,BATU GAJAH,N.29,TANJUNG TUALANG,BN - MCA,,23031,4503,75.39,17364,468,16896,MCA,TAN TIEW BOCK,MALE,,10495,,DAP,FOO TIEW KOK @ FOO PIEW KOK,,,5992,,PAS,OMM BIN MOHAMED,MALE,,409,LOST DEPOSIT,,,,,,,,,,,,,,,,,,,,,,,,,,,,,,,,,,,,
P.58_N.30,PERAK,P.58,BATU GAJAH,N.30,KAMPAR,BN - MCA,,24686,3225,75.31,18592,527,18065,MCA,ANG KOK YEANG,MALE,,10645,,DAP,SUM CHEOK LENG,,,7420,,,,,,,,,,,,,,,,,,,,,,,,,,,,,,,,,,,,,,,,,,,
P.59_N.31,PERAK,P.59,BATANG PADANG,N.31,TAPAH,BN - MCA,,15860,1961,76.81,12182,439,11743,MCA,LEE SOON HENG @ LEE CHAN FAI,MALE,,6852,,DAP,LOH JEE MEE,MALE,,4891,,,,,,,,,,,,,,,,,,,,,,,,,,,,,,,,,,,,,,,,,,,
P.59_N.32,PERAK,P.59,BATANG PADANG,N.32,CHENDERIANG,BN - MCA,,13395,4810,74.35,9959,473,9486,MCA,LOOK KUAN,MALE,,7148,,DAP,UDIN BIN SAID,MALE,,2338,,,,,,,,,,,,,,,,,,,,,,,,,,,,,,,,,,,,,,,,,,,
P.60_N.33,PERAK,P.60,LUMUT,N.33,SITIAWAN,BN - MIC,,21233,2996,75.91,16119,278,15841,MIC,RAJASEGARAN A/L SAMY NATHAN,MALE,,9005,,DAP,YEAK SIEW LEONG,,,6009,,PAS,MOHD. RAFIEI BIN MOHD. BAKRI,MALE,,827,LOST DEPOSIT,,,,,,,,,,,,,,,,,,,,,,,,,,,,,,,,,,,,
P.60_N.34,PERAK,P.60,LUMUT,N.34,PANGKOR,DAP,,17466,1099,74.77,13059,214,12845,MCA,TANG AH LIK @ CHERNG CHIEN CHANG @ PETER TANG AH LIK,MALE,,5659,,DAP,DING CHECK MING @ TING CHEK MING,,,6758,,PAS,MOHAMED SALLEH B. MOHD. GAUS,MALE,,428,LOST DEPOSIT,,,,,,,,,,,,,,,,,,,,,,,,,,,,,,,,,,,,
P.61_N.35,PERAK,P.61,HILIR PERAK,N.35,KAMPONG GAJAH,BN - UMNO,,15888,6272,71.08,11294,502,10792,UMNO,RAMLI BIN NGAH TALIB,MALE,,8532,,,,,,,,PAS,HAJI MOKHTAR BIN NGAH IBRAHIM,MALE,,2260,,,,,,,,,,,,,,,,,,,,,,,,,,,,,,,,,,,,,
P.61_N.36,PERAK,P.61,HILIR PERAK,N.36,SUNGAI MANIK,BN - UMNO,,17037,4626,74.35,12647,535,12112,UMNO,MOHAMED YUSOF @ MOHAMED B. MADIN,MALE,,8369,,,,,,,,PAS,RAIS BIN HAJI KADRI,MALE,,3743,,,,,,,,,,,,,,,,,,,,,,,,,,,,,,,,,,,,,
P.62_N.37,PERAK,P.62,TELOK ANSON,N.37,PASIR BEDAMAR,DAP,,24845,2735,74.1,18411,421,17990,GERAKAN,GAN LOOT HENG,MALE,,6136,,DAP,MOHD. FADZLAN BIN YAHYA,MALE,,8871,,,,,,,,,,,,,,,,,,,,INDEPENDENT,TAN AH HEE,,,572,LOST DEPOSIT,INDEPENDENT,THEE AH KOW,,,2411,,,,,,,,,,,,,
P.62_N.38,PERAK,P.62,TELOK ANSON,N.38,CHANGKAT JONG,BN - UMNO,,15537,5478,73.89,11480,303,11177,UMNO,MOHD. ARSHAD B. ABDULLAH @ ZAINOL ABIDIN B. ABDULLAH,MALE,,7746,,DAP,LIM AH CHUAN,,,2268,,PAS,JOHAR B. AHMAD,MALE,,1055,LOST DEPOSIT,,,,,,,,,,,,,INDEPENDENT,AHMAD HARNAINI BIN ABDUL AZIZ,MALE,,108,LOST DEPOSIT,,,,,,,,,,,,,,,,,,
P.63_N.39,PERAK,P.63,TANJONG MALIM,N.39,BIDOR,BN - MCA,,20077,5411,76.36,15331,380,14951,MCA,SONG YONG PHEOW,MALE,,9647,,DAP,KANDIAH PETER A/L KANDIAH,MALE,,4236,,PAS,OMAR BIN AMIN @ HJ. AMIN,MALE,,1068,LOST DEPOSIT,,,,,,,,,,,,,,,,,,,,,,,,,,,,,,,,,,,,
P.63_N.40,PERAK,P.63,TANJONG MALIM,N.40,SLIM,BN - UMNO,,18759,5865,71.06,13331,478,12853,UMNO,ZOL KARNAINI @ DZULKARNAIAN BIN HAJI ABDUL RAHMAN,MALE,,9359,,DAP,RAJAN NAIDU S/O RAJAN,MALE,,3494,,,,,,,,,,,,,,,,,,,,,,,,,,,,,,,,,,,,,,,,,,,
P.64_N.41,PERAK,P.64,BAGAN DATOK,N.41,RUNGKUP,BN - UMNO,,18004,4797,74.27,13372,435,12937,UMNO,MOHAMED YAACOB BIN HAJI MOHAMED,MALE,,8867,,,,,,,,PAS,AHMAD MASHUD BIN HAJI MASDUKI,MALE,,4070,,,,,,,,,,,,,,,,,,,,,,,,,,,,,,,,,,,,,
P.64_N.42,PERAK,P.64,BAGAN DATOK,N.42,HUTAN MELINTANG,BN - UMNO,,17024,5102,71.58,12186,580,11606,UMNO,NAHWANY @ RADZIAH BINTI MARAHUDIN,FEMALE,,8354,,,,,,,,PAS,MOHHAMAD ARIS BIN BAKRI,MALE,,3252,,,,,,,,,,,,,,,,,,,,,,,,,,,,,,,,,,,,,
P.65_N.1,PAHANG,P.65,LIPIS,N.1,JELAI,BN - UMNO,,6719,1968,67.49,4535,101,4434,UMNO,MOHD. HASHIM BIN IDRUS,MALE,,3201,,,,,,,,PAS,HAJI OSMAN BIN ABDUL HAMID,MALE,,1233,,,,,,,,,,,,,,,,,,,,,,,,,,,,,,,,,,,,,
P.65_N.2,PAHANG,P.65,LIPIS,N.2,TANAH RATA,BN - MIC,,10531,38,69.33,7301,275,7026,MIC,SANGARALINGAM A/L MUTHU MUTHAYA,MALE,,3432,,DAP,POON MAN KEM,,,3394,,,,,,,,,,,,,,,,,,,,INDEPENDENT,CHAY EE MONG,,,200,LOST DEPOSIT,,,,,,,,,,,,,,,,,,
P.65_N.3,PAHANG,P.65,LIPIS,N.3,BUKIT BETONG,BN - UMNO,,5276,975,76.72,4048,99,3949,UMNO,ABDULLAH BIN HJ. SULAIMAN,MALE,,2462,,,,,,,,PAS,KASIM BIN YAHAYA,MALE,,1487,,,,,,,,,,,,,,,,,,,,,,,,,,,,,,,,,,,,,
P.65_N.4,PAHANG,P.65,LIPIS,N.4,BANDAR LIPIS,BN - MCA,,7177,1165,69.92,5018,129,4889,MCA,CHIN HON KIT,MALE,61,2373,,DAP,CHONG KON MIN,,,1208,,PAS,ABDUL WAHID BIN SAKYA,MALE,,1121,,,,,,,,,,,,,,INDEPENDENT,ABDUL RAHIM BIN MOHD. NOH,MALE,,187,LOST DEPOSIT,,,,,,,,,,,,,,,,,,
P.65_N.5,PAHANG,P.65,LIPIS,N.5,BENTA,BN - UMNO,,6634,2789,72.32,4798,217,4581,UMNO,MOHD. ZUKI BIN KAMALUDDIN,MALE,,3685,,,,,,,,PAS,HAMZAH BIN HJ. HUSSAIN,MALE,,896,,,,,,,,,,,,,,,,,,,,,,,,,,,,,,,,,,,,,
P.66_N.6,PAHANG,P.66,JERANTUT,N.6,TAHAN,BN - UMNO,,12148,3066,79.67,9679,207,9472,UMNO,ARMIA BIN ABDULLAH,MALE,,6269,,,,,,,,PAS,MOHAMED SIDEK BIN NORTI,MALE,,3203,,,,,,,,,,,,,,,,,,,,,,,,,,,,,,,,,,,,,
P.66_N.7,PAHANG,P.66,JERANTUT,N.7,TEMBELING,BN - UMNO,,5366,631,77.21,4143,132,4011,UMNO,KAMARIAH BINTI MAT NOH,FEMALE,,2321,,,,,,,,PAS,SOLAHUDDIN BIN MOHD. ALI,MALE,,1690,,,,,,,,,,,,,,,,,,,,,,,,,,,,,,,,,,,,,
P.66_N.8,PAHANG,P.66,JERANTUT,N.8,JENDERAK,BN - UMNO,,6547,1565,76.13,4984,156,4828,UMNO,HAJI ABDULLAH HASHIM BIN MOHD. ALI,MALE,,2993,,DAP,DARUS BIN HAJI,MALE,,407,LOST DEPOSIT,PAS,NIK AHMAD BIN NIK MAN,MALE,,1428,,,,,,,,,,,,,,,,,,,,,,,,,,,,,,,,,,,,,
P.66_N.9,PAHANG,P.66,JERANTUT,N.9,BANDAR JERANTUT,BN - MCA,,10221,1461,73.04,7466,190,7276,MCA,HAR CHAI @ HO CHOCK KEONG,MALE,,3487,,DAP,MONG JIT SAN,,,292,LOST DEPOSIT,PAS,AHMAD BIN TALIB,MALE,,2026,,,,,,,,,,,,,,INDEPENDENT,KEONG KWAI SANG @ KONG KWAI CHAN,MALE,,1471,,,,,,,,,,,,,,,,,,,
P.66_N.10,PAHANG,P.66,JERANTUT,N.10,KERDAU,BN - UMNO,,6232,2021,75.69,4717,170,4547,UMNO,ABDULLAH BIN KIA,MALE,,3284,,,,,,,,PAS,MOHD. LAZIM BIN SALLEH,MALE,,1263,,,,,,,,,,,,,,,,,,,,,,,,,,,,,,,,,,,,,
P.67_N.11,PAHANG,P.67,KUANTAN,N.11,BESERAH,BN - UMNO,,13581,2945,71.62,9727,410,9317,UMNO,LATIFAH BINTI ABDUL GHAFFAR,FEMALE,,5950,,,,,,,,PAS,SYED HASSAN BIN SYED IDROS,MALE,,3005,,,,,,,,,,,,,,INDEPENDENT,USTAZ SYED ABD. KADIR BIN SYED ALWY,MALE,,362,LOST DEPOSIT,,,,,,,,,,,,,,,,,,
P.67_N.12,PAHANG,P.67,KUANTAN,N.12,SUNGAI LEMBING,BN - UMNO,,12359,4727,74.59,9219,175,9044,UMNO,WAN ABDULLAH BIN WAN OSMAN,MALE,,6250,,DAP,SHEIKH SAID BIN SHIKH AHMAD,MALE,,1523,,PAS,MOHD. TAJUDDIN BIN HAJI TAIB,MALE,,1271,,,,,,,,,,,,,,,,,,,,,,,,,,,,,,,,,,,,,
P.67_N.13,PAHANG,P.67,KUANTAN,N.13,BANDAR KUANTAN,BN - MCA,,21197,7430,70.61,14967,288,14679,MCA,LIM AH LEK @ LIM MOK SIANG,MALE,,10128,,DAP,LEE SIT YIN,,,2698,,PAS,TENGKU ALISHAHDAN BIN TENGKU ENDUT,MALE,,1853,,,,,,,,,,,,,,,,,,,,,,,,,,,,,,,,,,,,,
P.68_N.14,PAHANG,P.68,RAUB,N.14,BATU TALAM,BN - UMNO,,8653,3158,74.16,6417,245,6172,UMNO,ABDUL RAZAK BIN HITAM,MALE,,4665,,,,,,,,PAS,SYED IBRAHIM BIN SYED ABD. RAHMAN,MALE,,1507,,,,,,,,,,,,,,,,,,,,,,,,,,,,,,,,,,,,,
P.68_N.15,PAHANG,P.68,RAUB,N.15,DONG,BN - UMNO,,9324,2020,77.2,7198,211,6987,UMNO,TENGKU MUSTAPHA BIN TENGKU SETI,MALE,,4064,,DAP,CHONG YOKE LEE,FEMALE,24,2044,,PAS,ZAHARIN BIN MUHAMAD,MALE,,879,,,,,,,,,,,,,,,,,,,,,,,,,,,,,,,,,,,,,
P.68_N.16,PAHANG,P.68,RAUB,N.16,BANDAR RAUB,BN - MCA,,13451,1819,77.98,10489,283,10206,MCA,TAN LIEW THONG,MALE,,5385,,DAP,LIP AH KOW @ LIP TUCK CHEE,,,3566,,,,,,,,,,,,,,,,,,,,INDEPENDENT,LOKE AH KOW @ LOKE KOON KAM,,,1255,LOST DEPOSIT,,,,,,,,,,,,,,,,,,
P.69_N.17,PAHANG,P.69,MARAN,N.17,PAYA BESAR,BN - UMNO,,12174,4166,72.92,8878,176,8702,UMNO,DATO' HAJI ABDUL RASHID BIN HAJI ABDUL RAHMAN @ MOHD. RASEP BIN HAJI ABDUL RAHMAN,MALE,,5846,,DAP,CHEE KUAN FAY,,,1176,,PAS,OTHMAN BIN BAKAR,MALE,,1680,,,,,,,,,,,,,,,,,,,,,,,,,,,,,,,,,,,,,
P.69_N.18,PAHANG,P.69,MARAN,N.18,BANDAR MARAN,BN - UMNO,,8207,2167,73.55,6036,188,5848,UMNO,ABDUL JALIL BIN MOHAMMAD SEH,MALE,,3695,,DAP,ISMAIL BIN MOHAMAD,MALE,,1528,,PAS,AW HUSIN BIN KH AHMAD,MALE,,625,LOST DEPOSIT,,,,,,,,,,,,,,,,,,,,,,,,,,,,,,,,,,,,
P.69_N.19,PAHANG,P.69,MARAN,N.19,JENGKA,BN - UMNO,,17980,3593,80.83,14533,250,14283,UMNO,ZAINAL BIN HASSAN,MALE,,8938,,,,,,,,PAS,RAJA PUJI BIN TENGKU ABDUL HAMID,MALE,,5345,,,,,,,,,,,,,,,,,,,,,,,,,,,,,,,,,,,,,
P.69_N.20,PAHANG,P.69,MARAN,N.20,CHENOR,BN - UMNO,,6681,1560,76.48,5110,146,4964,UMNO,MAHMUD BIN MAT TAIB,MALE,,3262,,,,,,,,PAS,HAJI MOHD. ALWI BIN HAJI ABDUL HAMID,MALE,,1702,,,,,,,,,,,,,,,,,,,,,,,,,,,,,,,,,,,,,
P.70_N.21,PAHANG,P.70,BENTONG,N.21,KARAK,BN - GERAKAN,,13142,2338,76.45,10047,284,9763,GERAKAN,CHAN TAN CHUEN,MALE,,4396,,DAP,TAN MENG CHOO,,,1577,,,,,,,,,,,,,,,,,,,,INDEPENDENT,MOHAMED BASRI BIN MAHIDIN,MALE,,2058,,INDEPENDENT,KOO HOI CHING,,,1732,,,,,,,,,,,,,
P.70_N.22,PAHANG,P.70,BENTONG,N.22,BANDAR BENTONG,BN - MCA,,13598,1043,78.53,10678,353,10325,MCA,FU AH KAW @ POO YEW CHOY,MALE,,4589,,DAP,KAM HAH @ CHEONG KOON KAM,,,3546,,,,,,,,,,,,,,,,,,,,INDEPENDENT,CHUI PHUI WENG,,,2190,,,,,,,,,,,,,,,,,,,
P.70_N.23,PAHANG,P.70,BENTONG,N.23,SEMANTAN,BN - UMNO,,13482,4954,74,9977,369,9608,UMNO,ABDUL MALEK BIN MOHD.,MALE,,7281,,DAP,LAI AH SANG,,,2327,,,,,,,,,,,,,,,,,,,,,,,,,,,,,,,,,,,,,,,,,,,
P.71_N.24,PAHANG,P.71,PEKAN,N.24,KUALA PAHANG,BN - UMNO,,5693,2584,74.95,4267,147,4120,UMNO,HASHIM BIN MOHD. ZIN @ ABD. RAFFAR BIN MAT ZAIN,MALE,,3352,,,,,,,,PAS,ABDUL JALIL BIN MOHAMED,MALE,,768,,,,,,,,,,,,,,,,,,,,,,,,,,,,,,,,,,,,,
P.71_N.25,PAHANG,P.71,PEKAN,N.25,CHINI,BN - UMNO,,6507,1652,70.74,4603,143,4460,UMNO,MOHAMAD RAZALI @ WAN MOHAMAD RAZALI BIN WAN MAHUSSIN,MALE,,3056,,,,,,,,PAS,AB. RAHIM BIN AW BAKAR,MALE,,1404,,,,,,,,,,,,,,,,,,,,,,,,,,,,,,,,,,,,,
P.71_N.26,PAHANG,P.71,PEKAN,N.26,BANDAR PEKAN,BN - UMNO,,7329,2371,73.37,5377,108,5269,UMNO,DATO' MOHD. NAJIB BIN TUN HAJI ABD. RAZAK,MALE,,3820,,,,,,,,PAS,MOHAMED RUSDI BIN ARIF,MALE,,1449,,,,,,,,,,,,,,,,,,,,,,,,,,,,,,,,,,,,,
P.71_N.27,PAHANG,P.71,PEKAN,N.27,BUKIT IBAM,BN - UMNO,,11421,3749,70.24,8022,249,7773,UMNO,ABDUL JABBAR BIN IBRAHIM,MALE,,5761,,,,,,,,PAS,MOKHTAR BIN ABDULLAH,MALE,,2012,,,,,,,,,,,,,,,,,,,,,,,,,,,,,,,,,,,,,
P.71_N.28,PAHANG,P.71,PEKAN,N.28,ROMPIN,BN - UMNO,,7310,3036,70.18,5130,133,4997,UMNO,HASAN BIN ARIFIN,MALE,,3844,,,,,,,,PAS,ABDUL HAK BIN HAJI FADZIL,MALE,,808,,,,,,,,,,,,,,INDEPENDENT,MUSA HASNI BIN ABDUL HAMID,MALE,,345,LOST DEPOSIT,,,,,,,,,,,,,,,,,,
P.72_N.29,PAHANG,P.72,TEMERLOH,N.29,MENTAKAB,BN - UMNO,,13305,2528,73.85,9826,279,9547,UMNO,ABDUL AZIZ BIN ABDUL RAHMAN,MALE,,5197,,DAP,NG KWI LING,,,2669,,PAS,ABU HASSAN BIN SINTOL,MALE,,1681,,,,,,,,,,,,,,,,,,,,,,,,,,,,,,,,,,,,,
P.72_N.30,PAHANG,P.72,TEMERLOH,N.30,BANDAR TEMERLOH,BN - UMNO,,9529,1505,71.7,6832,224,6608,UMNO,ABDULLAH BIN MOHAMED,MALE,,3388,,,,,,,,PAS,ISHAK BIN ABDULLAH,MALE,,1337,,PSRM,KAMARAZAMAN BIN YACOB,MALE,,1883,,,,,,,,,,,,,,,,,,,,,,,,,,,,,,,
P.72_N.31,PAHANG,P.72,TEMERLOH,N.31,BERA,BN - UMNO,,14637,4142,74.53,10909,381,10528,UMNO,ZULKEFLY @ ZULKIFLI BIN TOK MUDA HJ. AWANG,MALE,,7335,,,,,,,,PAS,HAMZAH BIN ZAKARIA,MALE,,3193,,,,,,,,,,,,,,,,,,,,,,,,,,,,,,,,,,,,,
P.72_N.32,PAHANG,P.72,TEMERLOH,N.32,TRIANG,DAP,,9420,335,80.18,7553,172,7381,MCA,NGAU BOON MING,MALE,,2746,,DAP,LIM ONG HANG @ NEM ONG HAN,,,3081,,PAS,BURHAN BIN ABD. GHANI,MALE,,839,LOST DEPOSIT,,,,,,,,,,,,,INDEPENDENT,TEO THIAN LYE @ TEO LEE SANG,,,609,LOST DEPOSIT,INDEPENDENT,TAN AH HONG,,,106,LOST DEPOSIT,,,,,,,,,,,,
P.73_N.1,SELANGOR,P.73,SABAK BERNAM,N.1,SUNGAI AYER TAWAR,BN - UMNO,,8946,3563,71.49,6396,203,6193,UMNO,ZAINAL BIN DAHALAN,MALE,,4878,,,,,,,,PAS,HAJI ABDUL AZIZ BIN ABDUL SHUKOR,MALE,,1315,,,,,,,,,,,,,,,,,,,,,,,,,,,,,,,,,,,,,
P.73_N.2,SELANGOR,P.73,SABAK BERNAM,N.2,SABAK,BN - UMNO,,9815,4359,67.91,6665,272,6393,UMNO,MOHD. YUSUF BIN A. LATIB,MALE,,5376,,,,,,,,PAS,BASRAN BIN HJ. ABDUL RAHMAN,MALE,,1017,,,,,,,,,,,,,,,,,,,,,,,,,,,,,,,,,,,,,
P.73_N.3,SELANGOR,P.73,SABAK BERNAM,N.3,SUNGAI BESAR,BN - UMNO,,11466,3948,67.71,7764,292,7472,UMNO,MOHD. GHAZALI @ SAIEN BIN KANTAN,MALE,,5710,,,,,,,,PAS,RUSLAN BIN HAJI AHMAD,MALE,,1762,,,,,,,,,,,,,,,,,,,,,,,,,,,,,,,,,,,,,
P.74_N.4,SELANGOR,P.74,TANJONG KARANG,N.4,SUNGAI PANJANG,BN - UMNO,,10847,3719,65.11,7063,218,6845,UMNO,ARIFFIN BIN HJ. MAT RAWI @ HJ. RAWI,MALE,,5282,,,,,,,,PAS,ABDUL MANAF @ HJ. ABDUL HAKIM BIN HJ. ABDULLAH,MALE,,1563,,,,,,,,,,,,,,,,,,,,,,,,,,,,,,,,,,,,,
P.74_N.5,SELANGOR,P.74,TANJONG KARANG,N.5,SEKINCHAN,BN - MCA,,10774,2687,70.39,7584,244,7340,MCA,TAN KUI SUI @ TAN KAI SEE,MALE,,4336,,DAP,LOH SEK MOAH @ LOW SEK MOAH,,,1649,,PAS,SHAARI BIN SAET,MALE,,1355,,,,,,,,,,,,,,,,,,,,,,,,,,,,,,,,,,,,,
P.74_N.6,SELANGOR,P.74,TANJONG KARANG,N.6,SUNGAI BURONG,BN - UMNO,,11683,3593,70.08,8188,325,7863,UMNO,ABDUL SHUKUR BIN HAJI SIRAJ @ JAAFAR @ DOLLAH SUKOR BIN HAJI SIRAJ @ HAJI SIRAT,MALE,,5728,,,,,,,,PAS,HJ. KHALID BIN HJ. ABD. HAMID,MALE,,2135,,,,,,,,,,,,,,,,,,,,,,,,,,,,,,,,,,,,,
P.75_N.7,SELANGOR,P.75,ULU SELANGOR,N.7,KALUMPANG,BN - UMNO,Y,13900,,,,,,UMNO,RAMLI BIN ABDUL RAHMAN,MALE,,,,,,,,,,,,,,,,,,,,,,,,,,,,,,,,,,,,,,,,,,,,,,,,,,,
P.75_N.8,SELANGOR,P.75,ULU SELANGOR,N.8,KUALA KUBU BAHRU,BN - MCA,,13453,3214,74.09,9968,426,9542,MCA,CHOO YOONG FATT @ CHOW YOONG FATT,MALE,,5645,,DAP,PAN SU PENG @ PAN SOO PIN,,,1466,,,,,,,,,,,,,,,,,,,,INDEPENDENT,WONG CHANG YEE @ WONG KIM WAH,,,2431,,,,,,,,,,,,,,,,,,,
P.75_N.9,SELANGOR,P.75,ULU SELANGOR,N.9,BATANG KALI,BN - UMNO,,12936,4162,79,10220,504,9716,UMNO,MUHAMMAD BIN MUHAMMAD TAIB,MALE,,6939,,DAP,HONG CHIN POH,,,2777,,,,,,,,,,,,,,,,,,,,,,,,,,,,,,,,,,,,,,,,,,,
P.76_N.10,SELANGOR,P.76,KUALA SELANGOR,N.10,PERMATANG,BN - UMNO,,13153,6569,73.03,9606,305,9301,UMNO,MOHAMED KHALIP BIN AHMAD KHALID @ KHALID BIN HJ. AHMAD,MALE,,7935,,,,,,,,PAS,KORMIN BIN HJ. SHUKOR,MALE,,1366,,,,,,,,,,,,,,,,,,,,,,,,,,,,,,,,,,,,,
P.76_N.11,SELANGOR,P.76,KUALA SELANGOR,N.11,ASAM JAWA,BN - MIC,,12841,5331,75.12,9646,279,9367,MIC,MASILAMANE S/O MUTHUKRISHNEN @ M. MAHALINGAM,MALE,,6789,,DAP,SINNIAH A/L PERIANAN,MALE,,1120,LOST DEPOSIT,PAS,TAIRIN BIN AHMAD,MALE,,1458,,,,,,,,,,,,,,,,,,,,,,,,,,,,,,,,,,,,,
P.76_N.12,SELANGOR,P.76,KUALA SELANGOR,N.12,JERAM,BN - UMNO,,11585,5652,75.15,8706,276,8430,UMNO,MISKAM @ MISKON BIN SETERA @ SUTERO,MALE,,6587,,DAP,IDRUS BIN IDRIS,MALE,,908,LOST DEPOSIT,PAS,JARMANI BIN MD. UMAR,MALE,,935,LOST DEPOSIT,,,,,,,,,,,,,,,,,,,,,,,,,,,,,,,,,,,,
P.77_N.13,SELANGOR,P.77,SELAYANG,N.13,RAWANG,BN - MCA,,18941,3360,74.3,14074,379,13695,MCA,TANG SEE HANG,MALE,,8185,,DAP,ENG SENG CHAI @ NG SING SAI,,,4825,,PAS,ABDUL RAHMAN BIN YADI,MALE,,685,LOST DEPOSIT,,,,,,,,,,,,,,,,,,,,,,,,,,,,,,,,,,,,
P.77_N.14,SELANGOR,P.77,SELAYANG,N.14,GOMBAK,BN - UMNO,,43989,20181,68.4,30090,1337,28753,UMNO,SAIDIN BIN TAMBY,MALE,,24467,,,,,,,,PAS,JAAPOR BIN BAADI @ TALIB BIN BAKDI,MALE,,4286,,,,,,,,,,,,,,,,,,,,,,,,,,,,,,,,,,,,,
P.77_N.15,SELANGOR,P.77,SELAYANG,N.15,AMPANG,BN - UMNO,,50229,24992,69.39,34852,1148,33704,UMNO,AHMAD RAZALI BIN MOHAMED ALI,MALE,,29348,,,,,,,,PAS,HAJI ABDUL KARIM B. JAMAL,MALE,,4356,,,,,,,,,,,,,,,,,,,,,,,,,,,,,,,,,,,,,
P.78_N.16,SELANGOR,P.78,ULU LANGAT,N.16,DUSUN TUA,BN - UMNO,,13547,5226,71.81,9728,244,9484,UMNO,MOHD. FAHMI BIN IBRAHIM,MALE,,7033,,DAP,TECK LIAN @ NG TECK LIAN,,,1807,,PAS,ZAINAL ABIDIN BIN ABD. KARIM,MALE,,451,LOST DEPOSIT,,,,,,,,,,,,,INDEPENDENT,MOHD. SAHAR BIN MOHD. JALI,MALE,,193,LOST DEPOSIT,,,,,,,,,,,,,,,,,,
P.78_N.17,SELANGOR,P.78,ULU LANGAT,N.17,KAJANG,BN - MCA,,19144,2441,77.1,14761,214,14547,MCA,LIM SOON TECK @ LIM ANN KOON,MALE,,8494,,DAP,EAN YONG TIN SIN,,,6053,,,,,,,,,,,,,,,,,,,,,,,,,,,,,,,,,,,,,,,,,,,
P.78_N.18,SELANGOR,P.78,ULU LANGAT,N.18,SEMENYIH,BN - UMNO,,13342,3674,76.11,10155,307,9848,UMNO,MOHD. TAMRIN @ MARWILIS BIN HJ. YUSUF,MALE,,6761,,DAP,LAM MAN YOON,,,3087,,,,,,,,,,,,,,,,,,,,,,,,,,,,,,,,,,,,,,,,,,,
P.79_N.19,SELANGOR,P.79,PELABOHAN KELANG,N.19,KAPAR,BN - UMNO,,13271,6297,78.86,10465,318,10147,UMNO,DATO' HAJI SANAD BIN HAJI SAID,MALE,,8222,,,,,,,,PAS,MOHAMED JAIS BIN FATAHUR RAHMAN,MALE,,1925,,,,,,,,,,,,,,,,,,,,,,,,,,,,,,,,,,,,,
P.79_N.20,SELANGOR,P.79,PELABOHAN KELANG,N.20,SEMENTA,BN - UMNO,,16965,7071,75.53,12475,213,12262,UMNO,CHE OON BIN ISMAIL,MALE,,9054,,DAP,HUSSIN BIN KUSSAN,MALE,,1225,LOST DEPOSIT,PAS,ZAINUDIN BIN RAWI,MALE,,1983,,,,,,,,,,,,,,,,,,,,,,,,,,,,,,,,,,,,,
P.79_N.21,SELANGOR,P.79,PELABOHAN KELANG,N.21,SELAT KELANG,BN - MCA,,30877,4486,76.95,23761,757,23004,MCA,NG BOON THONG @ NG THIAN HOCK,MALE,,13745,,DAP,NG ENG HENG,,,9259,,,,,,,,,,,,,,,,,,,,,,,,,,,,,,,,,,,,,,,,,,,
P.80_N.22,SELANGOR,P.80,SHAH ALAM,N.22,BUKIT RAJA,BN - MIC,,42626,18126,70.75,30160,905,29255,MIC,S.S. SUBRAMANIAM,MALE,,22746,,,,,,,,PAS,SUMAIRI BIN AWAB,MALE,,4620,,,,,,,,,,,,,,INDEPENDENT,THIAGARAJAH A/L RAMASAMY,MALE,,1889,LOST DEPOSIT,,,,,,,,,,,,,,,,,,
P.80_N.23,SELANGOR,P.80,SHAH ALAM,N.23,BANDAR KELANG,DAP,,38602,1245,70.85,27351,446,26905,MCA,TONG KOK MAU,MALE,,12830,,DAP,TAN SENG GIAW @ TAN CHUN TIN,MALE,,14075,,,,,,,,,,,,,,,,,,,,,,,,,,,,,,,,,,,,,,,,,,,
P.80_N.24,SELANGOR,P.80,SHAH ALAM,N.24,KAMPONG JAWA,BN - UMNO,,19964,5651,76.5,15272,286,14986,UMNO,M. ZIN BIN SULIMAN,MALE,,9466,,DAP,NAGAINDRA VEDHMANI S/O VALLIAPPAN,MALE,,3815,,PAS,MOHD. ISMATH BIN HABIB MOHAMAD,MALE,,1539,LOST DEPOSIT,,,,,,,,,,,,,INDEPENDENT,SUBARI BIN SAMAN,MALE,,166,LOST DEPOSIT,,,,,,,,,,,,,,,,,,
P.81_N.25,SELANGOR,P.81,PETALING,N.25,PETALING JAYA,BN - GERAKAN,,62803,311,70.54,44300,689,43611,GERAKAN,SOONG @ SOON SIEW HOONG,MALE,,21961,,DAP,TAI SIN PIAU @ TAI SIM PIYU,,,21650,,,,,,,,,,,,,,,,,,,,,,,,,,,,,,,,,,,,,,,,,,,
P.81_N.26,SELANGOR,P.81,PETALING,N.26,SUNGAI WAY,BN - UMNO,,31413,7064,68.37,21478,56,21422,UMNO,MAZLAN BIN HARUN @ MAZLAN BIN DATO HAJI HARUN IDRIS,MALE,,14243,,DAP,CHEAH KAM CHIEW,,,7179,,,,,,,,,,,,,,,,,,,,,,,,,,,,,,,,,,,,,,,,,,,
P.81_N.27,SELANGOR,P.81,PETALING,N.27,SERDANG,BN - MCA,,20488,4066,77.61,15900,460,15440,MCA,YAP PIAN HON,MALE,,9753,,DAP,FONG KUI LUN,MALE,,5687,,,,,,,,,,,,,,,,,,,,,,,,,,,,,,,,,,,,,,,,,,,
P.82_N.28,SELANGOR,P.82,KUALA LANGAT,N.28,PANGLIMA GARANG,BN - UMNO,,11338,2754,77.85,8827,274,8553,UMNO,TARIKH B. MOHD. JONID,MALE,,5170,,,,,,,,PAS,MOHAMED SHAPIK BIN HJ. SIRAT,MALE,,841,LOST DEPOSIT,,,,,,,,,,,,,INDEPENDENT,GAN KECK TIONG @ GAN YAP KANG,,,2416,,INDEPENDENT,SYUKRI BIN HAJI TAHIR,MALE,,126,LOST DEPOSIT,,,,,,,,,,,,
P.82_N.29,SELANGOR,P.82,KUALA LANGAT,N.29,BANTING,BN - UMNO,,13570,5170,79.36,10769,342,10427,UMNO,SITI FATIMAH BT. DULLAH SUKIMI @ S. FATIMAH BT. DULLAH SUKIMI,FEMALE,,6943,,,,,,,,PAS,SANOT BIN SALLEH,MALE,,1773,,,,,,,,,,,,,,INDEPENDENT,ANG POI CHAI,,,1711,,,,,,,,,,,,,,,,,,,
P.82_N.30,SELANGOR,P.82,KUALA LANGAT,N.30,MORIB,BN - UMNO,,11317,3908,77.02,8716,294,8422,UMNO,ABU BAKAR BIN ABDUL HAMID,MALE,,6011,,,,,,,,PAS,AHMAD BIN MASTAR @ HJ. MUSTAPHA,MALE,,308,LOST DEPOSIT,,,,,,,,,,,,,INDEPENDENT,ISMAIL BIN SEKAK,MALE,,2103,,,,,,,,,,,,,,,,,,,
P.83_N.31,SELANGOR,P.83,SEPANG,N.31,DENGKIL,BN - MIC,,12819,7088,77.42,9925,167,9758,MIC,MARUTHATHURAI S/O THANGIAH @ MUNUSAMY,MALE,,7996,,DAP,YAP POH SOO,,,908,LOST DEPOSIT,PAS,ANAS @ AMAT BIN SULAIMAN,MALE,,854,LOST DEPOSIT,,,,,,,,,,,,,,,,,,,,,,,,,,,,,,,,,,,,
P.83_N.32,SELANGOR,P.83,SEPANG,N.32,SUNGAI PELEK,BN - MCA,,11463,4370,80.8,9262,146,9116,MCA,NG AH HOCK @ NG SOON POR,MALE,,6528,,DAP,TAN KOK WAI,MALE,,2158,,PAS,DAUD BIN JANTAN,MALE,,430,LOST DEPOSIT,,,,,,,,,,,,,,,,,,,,,,,,,,,,,,,,,,,,
P.83_N.33,SELANGOR,P.83,SEPANG,N.33,BATU LAUT,INDEPENDENT,,9654,256,82.58,7972,164,7808,UMNO,SHAHROM BIN HJ. MAASOM,MALE,,3629,,,,,,,,PAS,PAUJAN BIN HJ. SIRAJ,MALE,,294,LOST DEPOSIT,,,,,,,,,,,,,INDEPENDENT,ABD. JABAR B. MOHD. YUSOF @ JABAR BIN YUSOF,MALE,,3885,,,,,,,,,,,,,,,,,,,
P.89_N.1,NEGERI SEMBILAN,P.89,JELEBU,N.1,KUALA KLAWANG,BN - MCA,,10436,4071,78.99,8244,163,8081,MCA,WONG SEE WAH,MALE,,5278,,DAP,LOKE KIN TECK,,,1207,,,,,,,,,,,,,,,,,,,,INDEPENDENT,ABDUL HAMID BIN TINGGAL,MALE,,725,LOST DEPOSIT,INDEPENDENT,LEE YUEN HON,,,871,LOST DEPOSIT,,,,,,,,,,,,
P.89_N.2,NEGERI SEMBILAN,P.89,JELEBU,N.2,PERTANG,BN - UMNO,,8520,3968,79.56,6779,168,6611,UMNO,ABD. KADIR BIN KASSIM,MALE,,4902,,DAP,YAIP SEN KIONG,,,775,LOST DEPOSIT,PAS,IBRAHIM BIN BAGAK,MALE,,934,,,,,,,,,,,,,,,,,,,,,,,,,,,,,,,,,,,,,
P.89_N.3,NEGERI SEMBILAN,P.89,JELEBU,N.3,BAHAU,BN - MCA,,13723,6184,75.36,10342,56,10286,MCA,CHEW HOK THYE @ CHEW HOCK THYE,MALE,,7708,,DAP,LOO AH MAN @ LOH MING CHAI,,,1524,,PAS,RAJA AZIZ BIN RAJA KARIM,MALE,,1054,LOST DEPOSIT,,,,,,,,,,,,,,,,,,,,,,,,,,,,,,,,,,,,
P.89_N.4,NEGERI SEMBILAN,P.89,JELEBU,N.4,JEMPOL,BN - UMNO,Y,6054,,,,,,UMNO,MOHD. KHALID BIN MOHD. YUNUS,MALE,,,,,,,,,,,,,,,,,,,,,,,,,,,,,,,,,,,,,,,,,,,,,,,,,,,
P.90_N.5,NEGERI SEMBILAN,P.90,MANTIN,N.5,LENGGENG,BN - MCA,,12087,2314,76.49,9246,219,9027,MCA,DR. GAN KONG SENG @ GAN TEONG,MALE,,5399,,DAP,LUM KONG,,,3085,,,,,,,,,,,,,,,,,,,,INDEPENDENT,KAMARUDIN @ JALALUDIN B. SHAMSUDIN,MALE,,543,LOST DEPOSIT,,,,,,,,,,,,,,,,,,
P.90_N.6,NEGERI SEMBILAN,P.90,MANTIN,N.6,PANTAI,BN - UMNO,,10811,3309,75.73,8187,152,8035,UMNO,KHATIMAH BINTI HAJI IBRAHIM,FEMALE,,5672,,DAP,RAMAN S/O KRISNA NAIR,MALE,,2363,,,,,,,,,,,,,,,,,,,,,,,,,,,,,,,,,,,,,,,,,,,
P.90_N.7,NEGERI SEMBILAN,P.90,MANTIN,N.7,LABU,BN - UMNO,,10746,5509,77.88,8369,210,8159,UMNO,SHAHARDIN BIN HASHIM,MALE,,6834,,DAP,OTHMAN BIN ATAS,MALE,,1325,,,,,,,,,,,,,,,,,,,,,,,,,,,,,,,,,,,,,,,,,,,
P.90_N.8,NEGERI SEMBILAN,P.90,MANTIN,N.8,RANTAU,BN - UMNO,,7600,2739,76.96,5849,124,5725,UMNO,ISMAIL BIN LEBAI KAMAT,MALE,,4232,,DAP,YAP SIN KIN,,,1493,,,,,,,,,,,,,,,,,,,,,,,,,,,,,,,,,,,,,,,,,,,
P.91_N.9,NEGERI SEMBILAN,P.91,SEREMBAN,N.9,RASAH,DAP,,14928,1282,79.65,11891,275,11616,MCA,CHEAH YEE KOOI,MALE,,5167,,DAP,KUPUSAMY A/L MARUUTHY,MALE,,6449,,,,,,,,,,,,,,,,,,,,,,,,,,,,,,,,,,,,,,,,,,,
P.91_N.10,NEGERI SEMBILAN,P.91,SEREMBAN,N.10,RAHANG,DAP,,18988,2193,76.52,14529,288,14241,GERAKAN,CHAN CHOONG TACK,MALE,,6024,,DAP,HU SE PANG,MALE,,8217,,,,,,,,,,,,,,,,,,,,,,,,,,,,,,,,,,,,,,,,,,,
P.91_N.11,NEGERI SEMBILAN,P.91,SEREMBAN,N.11,SUNGAI UJONG,BN - MCA,,18932,723,76.17,14420,256,14164,MCA,OH HER SANG @ HWU HOR SHAN,MALE,,7388,,DAP,PANG KAI TONG,,,6665,,,,,,,,,,,,,,PP,LIM JOO LIM,,,111,LOST DEPOSIT,,,,,,,,,,,,,,,,,,,,,,,,
P.91_N.12,NEGERI SEMBILAN,P.91,SEREMBAN,N.12,TERENTANG,BN - UMNO,,7891,3816,76.66,6049,217,5832,UMNO,DATO MD. YAZID BIN BABA,MALE,,4824,,DAP,LOO YOON CHOY,,,1008,,,,,,,,,,,,,,,,,,,,,,,,,,,,,,,,,,,,,,,,,,,
P.92_N.13,NEGERI SEMBILAN,P.92,KUALA PILAH,N.13,SERI MENANTI,BN - UMNO,,6631,3174,74.32,4928,190,4738,UMNO,AHMAD BIN KASIM,MALE,,3956,,,,,,,,PAS,HAJI MOHAMED SALEH BIN IBRAHIM,MALE,,782,,,,,,,,,,,,,,,,,,,,,,,,,,,,,,,,,,,,,
P.92_N.14,NEGERI SEMBILAN,P.92,KUALA PILAH,N.14,ULU MUAR,BN - UMNO,,7212,3813,74.93,5404,207,5197,UMNO,ALI BIN HAJI MANAT,MALE,,4505,,,,,,,,PAS,UJANG B. HAJI YATIM,MALE,,692,,,,,,,,,,,,,,,,,,,,,,,,,,,,,,,,,,,,,
P.92_N.15,NEGERI SEMBILAN,P.92,KUALA PILAH,N.15,PILAH,BN - UMNO,,11696,3846,74.62,8728,264,8464,UMNO,RAMLI BIN UJANG,MALE,,5860,,DAP,ABDUL RAZAK ILONG,MALE,,2014,,PAS,MOHAMED NOH BIN MUHARAM,MALE,,590,LOST DEPOSIT,,,,,,,,,,,,,,,,,,,,,,,,,,,,,,,,,,,,
P.92_N.16,NEGERI SEMBILAN,P.92,KUALA PILAH,N.16,JOHOL,BN - UMNO,,7154,3628,74.57,5335,299,5036,UMNO,ISHAK BIN MOHD. YUSOF,MALE,,4332,,,,,,,,PAS,OTHMAN BIN HAMZAH,MALE,,704,,,,,,,,,,,,,,,,,,,,,,,,,,,,,,,,,,,,,
P.93_N.17,NEGERI SEMBILAN,P.93,TELOK KEMANG,N.17,JIMAH,BN - MCA,,11451,313,81.33,9313,326,8987,MCA,YAP AH PENG @ YAP AUN PING,MALE,,4650,,DAP,TEDDY @ EDWARD PANG,MALE,,4337,,,,,,,,,,,,,,,,,,,,,,,,,,,,,,,,,,,,,,,,,,,
P.93_N.18,NEGERI SEMBILAN,P.93,TELOK KEMANG,N.18,SIRUSA,BN - MIC,,11117,1407,75.17,8357,238,8119,MIC,MUTHUPPALANIAPPAN @ MANI A/L MATHURAMAN CHETTIAR,MALE,,4763,,DAP,MOHAMED ZAIN @ YUSOF BIN BADOR,MALE,,3356,,,,,,,,,,,,,,,,,,,,,,,,,,,,,,,,,,,,,,,,,,,
P.93_N.19,NEGERI SEMBILAN,P.93,TELOK KEMANG,N.19,PASIR PANJANG,BN - UMNO,,8263,3314,70.69,5841,156,5685,UMNO,MUSTAFA @ MUSTAPAH BIN HAJI HASSAN,MALE,,4353,,DAP,MD. HARUN BIN ABD. GHANI,MALE,,1039,,PAS,ISHAK B. IBRAHIM,MALE,,293,LOST DEPOSIT,,,,,,,,,,,,,,,,,,,,,,,,,,,,,,,,,,,,
P.93_N.20,NEGERI SEMBILAN,P.93,TELOK KEMANG,N.20,LINGGI,BN - UMNO,Y,8144,,,,,,UMNO,MOHD. ISA BIN ABDUL SAMAD,MALE,,,,,,,,,,,,,,,,,,,,,,,,,,,,,,,,,,,,,,,,,,,,,,,,,,,
P.94_N.21,NEGERI SEMBILAN,P.94,TAMPIN,N.21,KOTA,BN - UMNO,,9238,4627,77.1,7123,204,6919,UMNO,ISMAIL BIN MOHD. YASSIN,MALE,,5773,,,,,,,,PAS,AZHARI B. HAMZAH,MALE,,1146,,,,,,,,,,,,,,,,,,,,,,,,,,,,,,,,,,,,,
P.94_N.22,NEGERI SEMBILAN,P.94,TAMPIN,N.22,GEMENCHEH,BN - UMNO,,13583,3203,69.61,9455,65,9390,UMNO,WAAD BIN HAJI MANSOR,MALE,,5787,,DAP,LEE KONG CHON,,,687,LOST DEPOSIT,PAS,MOHD. ALI NAPIAH BIN ISMAIL,MALE,,332,LOST DEPOSIT,,,,,,,,,,,,,INDEPENDENT,LASSIM @ HASHIM BIN HAJI PILUD,MALE,,2584,,,,,,,,,,,,,,,,,,,
P.94_N.23,NEGERI SEMBILAN,P.94,TAMPIN,N.23,GEMAS,BN - UMNO,,12172,6009,78.24,9524,371,9153,UMNO,MD. SALLEH BIN MD. HASHIM,MALE,,7581,,,,,,,,PAS,JAAFAR BIN AHMAD,MALE,,1572,,,,,,,,,,,,,,,,,,,,,,,,,,,,,,,,,,,,,
P.94_N.24,NEGERI SEMBILAN,P.94,TAMPIN,N.24,ROMPIN,BN - MCA,,14255,4421,78.17,11143,102,11041,MCA,LEE KOK CHING,MALE,,7401,,DAP,LEE YUEN FONG,,,2980,,PAS,NORDIN BIN SUMAN,MALE,,660,LOST DEPOSIT,,,,,,,,,,,,,,,,,,,,,,,,,,,,,,,,,,,,
P.95_N.1,MELAKA,P.95,ALOR GAJAH,N.1,TABOH NANING,BN - UMNO,,11453,3489,70.73,8101,152,7949,UMNO,ABDUL RAZAK B. ALIAS,MALE,,5541,,DAP,WOO HAP HIN,,,2052,,PAS,ABDUL RAHMAN BIN SULONG,MALE,,356,LOST DEPOSIT,,,,,,,,,,,,,,,,,,,,,,,,,,,,,,,,,,,,
P.95_N.2,MELAKA,P.95,ALOR GAJAH,N.2,SUNGAI BAHRU,BN - UMNO,,9825,4723,75.13,7382,157,7225,UMNO,MOHAMED BIN JAIS,MALE,,5974,,,,,,,,PAS,AB. RAHMAN BIN HJ. HASAN,MALE,,1251,,,,,,,,,,,,,,,,,,,,,,,,,,,,,,,,,,,,,
P.95_N.3,MELAKA,P.95,ALOR GAJAH,N.3,MACHAP,BN - MCA,,8061,2388,76.89,6198,148,6050,MCA,NG KIM FONG,MALE,,3757,,DAP,LIM SWEE,,,1369,,PAS,HJ. AHMAD BIN BABA,MALE,,709,LOST DEPOSIT,,,,,,,,,,,,,INDEPENDENT,KHOO PECK WAN,,,215,LOST DEPOSIT,,,,,,,,,,,,,,,,,,
P.95_N.4,MELAKA,P.95,ALOR GAJAH,N.4,KELEMAK,BN - UMNO,,9086,5296,74.6,6778,196,6582,UMNO,A. RAHIM BIN TAMBY CHIK,MALE,,5939,,,,,,,,PAS,JALIL BIN MOHAMAD ISA,MALE,,643,LOST DEPOSIT,,,,,,,,,,,,,,,,,,,,,,,,,,,,,,,,,,,,
P.95_N.5,MELAKA,P.95,ALOR GAJAH,N.5,MASJID TANAH,BN - UMNO,,10012,4524,72.82,7291,167,7124,UMNO,DRIS BIN ABD. GANI,MALE,,5824,,,,,,,,PAS,A. MAJID BIN SULAIMAN,MALE,,1300,,,,,,,,,,,,,,,,,,,,,,,,,,,,,,,,,,,,,
P.96_N.6,MELAKA,P.96,JASIN,N.6,BATANG MELAKA,BN - MCA,,9608,3505,75.29,7234,328,6906,MCA,LIM AH KOW @ LIM SOO KIANG,MALE,,4836,,DAP,C.S. BALAN,MALE,,1331,,PAS,MD. DAUD BIN SUBOH,MALE,,739,LOST DEPOSIT,,,,,,,,,,,,,,,,,,,,,,,,,,,,,,,,,,,,
P.96_N.7,MELAKA,P.96,JASIN,N.7,NYALAS,BN - UMNO,,9249,4811,78.26,7238,154,7084,UMNO,AB. AZIZ TAPA @ MAT HAJIS BIN TAPAR,MALE,,5615,,DAP,FOO AH KOW,,,804,LOST DEPOSIT,PAS,ADAM B. HJ. LATIFF,MALE,,665,LOST DEPOSIT,,,,,,,,,,,,,,,,,,,,,,,,,,,,,,,,,,,,
P.96_N.8,MELAKA,P.96,JASIN,N.8,AYER PANAS,BN - UMNO,,10282,5158,76.31,7846,270,7576,UMNO,MAT ARIS B. KONIL,MALE,,6367,,,,,,,,PAS,TOMPANG B. SAADAN,MALE,,1209,,,,,,,,,,,,,,,,,,,,,,,,,,,,,,,,,,,,,
P.96_N.9,MELAKA,P.96,JASIN,N.9,SERKAM,BN - UMNO,,9210,3003,76.17,7015,166,6849,UMNO,NAWAWI B. HJ. AHMAD,MALE,,4926,,,,,,,,PAS,SALLEH B. AYOB,MALE,,1923,,,,,,,,,,,,,,,,,,,,,,,,,,,,,,,,,,,,,
P.96_N.10,MELAKA,P.96,JASIN,N.10,SUNGAI RAMBAI,BN - UMNO,,8239,4152,75.52,6222,208,6014,UMNO,AHMAD B. ITHNIN,MALE,,5083,,,,,,,,PAS,MOHD. YATIM BIN ABD. WAHAB,MALE,,931,,,,,,,,,,,,,,,,,,,,,,,,,,,,,,,,,,,,,
P.97_N.11,MELAKA,P.97,BATU BERENDAM,N.11,TANJONG MINYAK,BN - UMNO,Y,12318,,,,,,UMNO,AHMAD HAJI ABDULLAH,MALE,,,,,,,,,,,,,,,,,,,,,,,,,,,,,,,,,,,,,,,,,,,,,,,,,,,
P.97_N.12,MELAKA,P.97,BATU BERENDAM,N.12,AYER KEROH,BN - UMNO,,12769,4817,78.03,9964,199,9765,UMNO,A. SAMAD BIN KASIM,MALE,,7291,,DAP,ANG KWEE TENG,,,2474,,,,,,,,,,,,,,,,,,,,,,,,,,,,,,,,,,,,,,,,,,,
P.97_N.13,MELAKA,P.97,BATU BERENDAM,N.13,AYER MOLEK,BN - UMNO,Y,9243,,,,,,UMNO,MOHD. TAMRIN ABDUL GHAFAR,MALE,,,,,,,,,,,,,,,,,,,,,,,,,,,,,,,,,,,,,,,,,,,,,,,,,,,
P.97_N.14,MELAKA,P.97,BATU BERENDAM,N.14,SUNGAI UDANG,BN - UMNO,,9934,5016,74.73,7424,270,7154,UMNO,AHMAD NORDIN B. MD. AMIN,MALE,,6085,,,,,,,,PAS,YA'COF B. HJ. A. HASSAN @ YAAKOP B. HJ. ABU HASSAN,MALE,,1069,,,,,,,,,,,,,,,,,,,,,,,,,,,,,,,,,,,,,
P.97_N.15,MELAKA,P.97,BATU BERENDAM,N.15,BUKIT RAMBAI,BN - UMNO,Y,10047,,,,,,UMNO,DATIN FATIMAH AHMAD,FEMALE,,,,,,,,,,,,,,,,,,,,,,,,,,,,,,,,,,,,,,,,,,,,,,,,,,,
P.98_N.16,MELAKA,P.98,KOTA MELAKA,N.16,PRINGGIT,BN - MCA,,16479,6438,77.95,12845,226,12619,MCA,TEE CHENG YORK @ TEE HOW,MALE,,9344,,DAP,YAO JIOK HUA @ YAU SIOK HUA,,,2906,,,,,,,,,,,,,,,,,,,,INDEPENDENT,ROSMAH BINTI KAMARUDIN,FEMALE,,369,LOST DEPOSIT,,,,,,,,,,,,,,,,,,
P.98_N.17,MELAKA,P.98,KOTA MELAKA,N.17,TRANQUERAH,BN - MCA,,14352,1144,79.18,11364,244,11120,MCA,NG PENG HONG @ NG PENG HAY,MALE,,6132,,DAP,BERNARD STA MARIA,MALE,,4988,,,,,,,,,,,,,,,,,,,,,,,,,,,,,,,,,,,,,,,,,,,
P.98_N.18,MELAKA,P.98,KOTA MELAKA,N.18,KUBU,DAP,,13515,1897,79.73,10775,205,10570,GERAKAN,YAM WAI HONG,,,4084,,DAP,YONG WEE YOOK @ YONG WEE NGOK,,,5981,,,,,,,,,,,,,,,,,,,,INDEPENDENT,TAN CHOO CHAI,,,505,LOST DEPOSIT,,,,,,,,,,,,,,,,,,
P.98_N.19,MELAKA,P.98,KOTA MELAKA,N.19,DURIAN DAUN,DAP,,12653,607,77.89,9855,180,9675,MCA,PHUA JIN HOCK,MALE,,4534,,DAP,LAI KEUN BAN,,,5141,,,,,,,,,,,,,,,,,,,,,,,,,,,,,,,,,,,,,,,,,,,
P.98_N.20,MELAKA,P.98,KOTA MELAKA,N.20,BANDAR HILIR,BN - MCA,,12901,3063,77.9,10050,175,9875,MCA,GAN BOON LEONG,MALE,48,6447,,DAP,LIM KIT SIANG,MALE,,3384,,,,,,,,,,,,,,,,,,,,INDEPENDENT,LEE CHING SEN,,,44,LOST DEPOSIT,,,,,,,,,,,,,,,,,,
P.99_N.1,JOHOR,P.99,LABIS,N.1,BULOH KASAP,BN - MIC,,17870,6541,74.66,13342,321,13021,MIC,ARUMUGAM CHETTIAR S/O VERRU CHETTIAR,MALE,,9045,,,,,,,,,,,,,,,,,,,,,,,,,,INDEPENDENT,LEWAT BIN IBRAHIM,MALE,,380,LOST DEPOSIT,INDEPENDENT,YEONG CHEW CHIN,,,2504,,INDEPENDENT,GOH SENG TECK,,,1092,LOST DEPOSIT,,,,,,
P.99_N.2,JOHOR,P.99,LABIS,N.2,AYER PANAS,BN - MCA,,19080,9351,78.32,14943,309,14634,MCA,LAW LAI HENG,MALE,,11735,,,,,,,,PAS,JAMAL BIN AHMAD,MALE,,515,LOST DEPOSIT,,,,,,,,,,,,,INDEPENDENT,ONG CHEN TECK,,,2384,,,,,,,,,,,,,,,,,,,
P.100_N.3,JOHOR,P.100,SEGAMAT,N.3,BANDAR SEGAMAT,BN - MCA,,25156,5131,78.38,19717,440,19277,MCA,LIM SI CHENG,MALE,,12204,,DAP,FOO KOK YONG,,,7073,,,,,,,,,,,,,,,,,,,,,,,,,,,,,,,,,,,,,,,,,,,
P.100_N.4,JOHOR,P.100,SEGAMAT,N.4,BUKIT SERAMPANG,BN - UMNO,,16117,8519,79.16,12758,393,12365,UMNO,ZAKARIA BIN HJ. SALLEH,MALE,,10442,,DAP,DAUD BIN JABAH,MALE,,1923,,,,,,,,,,,,,,,,,,,,,,,,,,,,,,,,,,,,,,,,,,,
P.101_N.5,JOHOR,P.101,KELUANG,N.5,BEKOK,BN - MCA,,18583,3812,75.91,14106,520,13586,MCA,SIAW SIEW BEE,MALE,,8618,,DAP,LIM AH KOW,,,4806,,PAS,ABU BAKAR BIN BAHARUDIN,MALE,,129,LOST DEPOSIT,,,,,,,,,,,,,INDEPENDENT,MO MIN K. KUTTY ALI,MALE,,33,LOST DEPOSIT,,,,,,,,,,,,,,,,,,
P.101_N.6,JOHOR,P.101,KELUANG,N.6,BANDAR KELUANG,BN - MCA,,36134,3270,77.89,28146,668,27478,MCA,KANG CHOW OH,MALE,,15374,,DAP,LEE KAW,,,12104,,,,,,,,,,,,,,,,,,,,,,,,,,,,,,,,,,,,,,,,,,,
P.102_N.7,JOHOR,P.102,TENGGAROH,N.7,ENDAU,BN - UMNO,,11954,5220,72.85,8709,409,8300,UMNO,ABD. AJIB BIN AHMAD,MALE,,6760,,,,,,,,PAS,IBRAHIM BIN ABDULLAH,MALE,,1540,,,,,,,,,,,,,,,,,,,,,,,,,,,,,,,,,,,,,
P.102_N.8,JOHOR,P.102,TENGGAROH,N.8,MERSING,BN - MCA,Y,12499,,,,,,MCA,LIM IK KIM,MALE,,,,,,,,,,,,,,,,,,,,,,,,,,,,,,,,,,,,,,,,,,,,,,,,,,,
P.103_N.9,JOHOR,P.103,LEDANG,N.9,TANGKAK,BN - MCA,,17152,5801,75.05,12873,288,12585,MCA,LIM ENG SENG @ LUM TONG KENG,MALE,,9193,,,,,,,,,,,,,,,,,,,,,,,,,,INDEPENDENT,ONG CHEE WAH,,,3392,,,,,,,,,,,,,,,,,,,
P.103_N.10,JOHOR,P.103,LEDANG,N.10,SEROM,BN - UMNO,Y,16344,,,,,,UMNO,MOHD. NOOR MOHD. DOM,MALE,,,,,,,,,,,,,,,,,,,,,,,,,,,,,,,,,,,,,,,,,,,,,,,,,,,
P.104_N.11,JOHOR,P.104,PAGOH,N.11,JORAK,BN - UMNO,,15325,6861,76.81,11772,373,11399,UMNO,DATO HAJI ABD. RAHMAN BIN MAHMUD,MALE,,9016,,DAP,GOH KIM TIN,,,2155,,PAS,SUMADI BIN AHMAD @ AHAMAD,MALE,,228,LOST DEPOSIT,,,,,,,,,,,,,,,,,,,,,,,,,,,,,,,,,,,,
P.104_N.12,JOHOR,P.104,PAGOH,N.12,KESANG,BN - UMNO,,15292,7827,73.21,11195,392,10803,UMNO,SABARIAH BT. AHMAD,FEMALE,,9315,,,,,,,,PAS,TAIB BIN HJ. KASSIM,MALE,,1488,,,,,,,,,,,,,,,,,,,,,,,,,,,,,,,,,,,,,
P.105_N.13,JOHOR,P.105,AYER HITAM,N.13,SRI LALANG,BN - MCA,,19033,8172,77.11,14677,497,14180,MCA,SIM GEOK PEAK,MALE,,10915,,DAP,CHAN YIEK NUNG,,,2743,,PAS,KAMAL BIN IDRIS,MALE,,522,LOST DEPOSIT,,,,,,,,,,,,,,,,,,,,,,,,,,,,,,,,,,,,
P.105_N.14,JOHOR,P.105,AYER HITAM,N.14,SRI MEDAN,BN - UMNO,Y,18745,,,,,,UMNO,KAMISAN BIN HAJI ASARI,MALE,,,,,,,,,,,,,,,,,,,,,,,,,,,,,,,,,,,,,,,,,,,,,,,,,,,
P.106_N.15,JOHOR,P.106,MUAR,N.15,BANDAR MAHARANI,BN - UMNO,,37939,4741,74.31,28194,1493,26701,UMNO,MUSA BIN HJ. ISMAIL,MALE,,15277,,DAP,HO CHAN MEE,,,10536,,PAS,MOHAMED BIN ANANG,MALE,,888,LOST DEPOSIT,,,,,,,,,,,,,,,,,,,,,,,,,,,,,,,,,,,,
P.106_N.16,JOHOR,P.106,MUAR,N.16,PARIT JAWA,BN - UMNO,,20058,7641,77.91,15628,731,14897,UMNO,MD. SALLEH BIN KASMIN,MALE,,11269,,DAP,LAU BAK KIA,,,3628,,,,,,,,,,,,,,,,,,,,,,,,,,,,,,,,,,,,,,,,,,,
P.107_N.17,JOHOR,P.107,RENGGAM,N.17,LAYANG-LAYANG,BN - MCA,,26657,8422,77.54,20670,888,19782,MCA,LOW BOON KING @ LOW BOON HONG,MALE,,14102,,DAP,CHAI SEK YONG,,,5680,,,,,,,,,,,,,,,,,,,,,,,,,,,,,,,,,,,,,,,,,,,
P.107_N.18,JOHOR,P.107,RENGGAM,N.18,KULAI,BN - GERAKAN,,28158,761,76.35,21500,761,20739,GERAKAN,KEW CHE WAT @ KHOO CHE WAT,,,10750,,DAP,SONG SING KWEE,,,9989,,,,,,,,,,,,,,,,,,,,,,,,,,,,,,,,,,,,,,,,,,,
P.108_N.19,JOHOR,P.108,PANTI,N.19,KOTA TINGGI,BN - UMNO,Y,21247,,,,,,UMNO,DATUK YUSUF MALIM KUNING,MALE,,,,,,,,,,,,,,,,,,,,,,,,,,,,,,,,,,,,,,,,,,,,,,,,,,,
P.108_N.20,JOHOR,P.108,PANTI,N.20,JOHOR LAMA,BN - UMNO,Y,28777,,,,,,UMNO,ATASHA HAJI MAJID,FEMALE,,,,,,,,,,,,,,,,,,,,,,,,,,,,,,,,,,,,,,,,,,,,,,,,,,,
P.109_N.21,JOHOR,P.109,SRI GADING,N.21,PARIT RAJA,BN - UMNO,Y,18564,,,,,,UMNO,MOHD. SHARIFF LASIM,MALE,,,,,,,,,,,,,,,,,,,,,,,,,,,,,,,,,,,,,,,,,,,,,,,,,,,
P.109_N.22,JOHOR,P.109,SRI GADING,N.22,SIMPANG RENGGAM,BN - UMNO,,17163,8592,75.99,13042,576,12466,UMNO,SYED ZAIN BIN IDRUS,MALE,,10529,,,,,,,,PAS,AHMAD KHAITANI BIN KOSNINI,MALE,,1937,,,,,,,,,,,,,,,,,,,,,,,,,,,,,,,,,,,,,
P.110_N.23,JOHOR,P.110,SEMERAH,N.23,SRI MENANTI,BN - UMNO,,13221,6815,75.25,9949,420,9529,UMNO,MOHAMED SAM BIN SAILAH,MALE,,8172,,,,,,,,PAS,HUSSIN BIN DAWAM,MALE,,1357,,,,,,,,,,,,,,,,,,,,,,,,,,,,,,,,,,,,,
P.110_N.24,JOHOR,P.110,SEMERAH,N.24,PESERAI,BN - UMNO,,28500,9363,75.52,21524,789,20735,UMNO,REDZWAN BIN HAJI SALIM @ RIDWAN SALIM BILAL,MALE,,15049,,DAP,AHMAD B. TON,MALE,,5686,,,,,,,,,,,,,,,,,,,,,,,,,,,,,,,,,,,,,,,,,,,
P.111_N.25,JOHOR,P.111,BATU PAHAT,N.25,BANDAR PENGGARAM,BN - MCA,,33072,12412,74.43,24615,752,23863,MCA,TAN PENG KHOON,MALE,,17115,,DAP,WONG AH CHOO (CHEW),,,4703,,PAS,MD. SULAIMAN @ MOHAMED B. HJ. ANUAR,MALE,,992,LOST DEPOSIT,,,,,,,,,,,,,INDEPENDENT,OTHMAN B. LUDIN @ ABD. HAMID B. LUDIN PET LUDIN,MALE,,1053,LOST DEPOSIT,,,,,,,,,,,,,,,,,,
P.111_N.26,JOHOR,P.111,BATU PAHAT,N.26,RENGIT,BN - UMNO,Y,15480,,,,,,UMNO,DATUK ABDUL JALAL ABU BAKAR,MALE,,,,,,,,,,,,,,,,,,,,,,,,,,,,,,,,,,,,,,,,,,,,,,,,,,,
P.112_N.27,JOHOR,P.112,PONTIAN,N.27,BENUT,BN - UMNO,,22182,12143,75.98,16855,426,16429,UMNO,HASMONI BIN HAJI SALIM,MALE,,14286,,,,,,,,PAS,MELATU SAMSI BIN SUHADAH,MALE,,2143,,,,,,,,,,,,,,,,,,,,,,,,,,,,,,,,,,,,,
P.112_N.28,JOHOR,P.112,PONTIAN,N.28,KUKUP,BN - UMNO,,27727,7137,77.99,21625,320,21305,UMNO,AHMAD BIN ABDULLAH,MALE,,14221,,DAP,TAN KIM CHIEW,,,7084,,,,,,,,,,,,,,,,,,,,,,,,,,,,,,,,,,,,,,,,,,,
P.113_N.29,JOHOR,P.113,PULAI,N.29,GELANG PATAH,BN - UMNO,,22601,7102,78.46,17732,914,16818,UMNO,DATO' MD YUNOS BIN SULAIMAN,MALE,,11960,,DAP,SIRAN BIN SAHAH,MALE,,4858,,,,,,,,,,,,,,,,,,,,,,,,,,,,,,,,,,,,,,,,,,,
P.113_N.30,JOHOR,P.113,PULAI,N.30,SKUDAI,BN - UMNO,,38702,15029,74.03,28653,1050,27603,UMNO,MAHMOOD BIN DAUD,MALE,,21316,,,,,,,,,,,,,,PSRM,HASSAN BIN ABDUL KARIM,MALE,,6287,,,,,,,,,,,,,,,,,,,,,,,,,,,,,,,
P.114_N.31,JOHOR,P.114,JOHOR BAHRU,N.31,TIRAM,BN - UMNO,,35892,14654,76.06,27301,1217,26084,UMNO,MOHD. ALI BIN HASSAN,MALE,,20369,,,,,,,,,,,,,,PSRM,GURDIAL SINGH NIJAN A/L SADU SINGH,MALE,,5715,,,,,,,,,,,,,,,,,,,,,,,,,,,,,,,
P.114_N.32,JOHOR,P.114,JOHOR BAHRU,N.32,TANJONG PETRI,BN - MCA,,62613,12893,71.86,44992,1229,43763,MCA,WOON SEE CHIN,MALE,,28328,,,,,,,,,,,,,,PSRM,A. RAZAK BIN AHMAD,MALE,,15435,,,,,,,,,,,,,,,,,,,,,,,,,,,,,,,
