UNIQUE CODE,STATE,PARLIAMENTARY CONSTITUENCY CODE,PARLIAMENTARY CONSTITUENCY NAME,STATE CONSTITUENCY CODE,STATE CONSTITUENCY NAME,WINNING PARTY,WINNING CANDIDATE,WINNING CANDIDATE SEX,WINNING CANDIDATE AGE,UNCONTESTED VICTORY
P. 1_N.1,PERLIS,P. 1,PADANG BESAR,N.1,TITI TINGGI,BN - MCA,LOH YOON FOO,MALE,,
P. 1_N.2,PERLIS,P. 1,PADANG BESAR,N.2,BESERI,BN - UMNO,ZAHIDI BIN ZAINUL ABIDIN,MALE,,
P. 1_N.3,PERLIS,P. 1,PADANG BESAR,N.3,CHUPING,BN - UMNO,YAZIZ @ YAZID BIN MAT,MALE,,
P. 1_N.4,PERLIS,P. 1,PADANG BESAR,N.4,MATA AYER,BN - UMNO,ISHAK BIN ARSHAD,MALE,,
P. 1_N.5,PERLIS,P. 1,PADANG BESAR,N.5,SANTAN,BA - PAS,USTAZ ZOLKHARNAIN BIN ABIDIN,MALE,,
P. 2_N.6,PERLIS,P. 2,KANGAR,N.6,BINTONG,BN - UMNO,MD. ISA BIN SABU,MALE,,
P. 2_N.7,PERLIS,P. 2,KANGAR,N.7,SENA,BN - UMNO,AZIHANI BT. DATO' ALI,FEMALE,,
P. 2_N.8,PERLIS,P. 2,KANGAR,N.8,INDERA KAYANGAN,BN - MCA,KHOR LIAN TEE @ KHOR LIANG TEE,MALE,,
P. 2_N.9,PERLIS,P. 2,KANGAR,N.9,KUALA PERLIS,BN - UMNO,BAKAR BIN SAAD,MALE,,
P. 2_N.10,PERLIS,P. 2,KANGAR,N.10,KAYANG,BN - UMNO,MOHAMAD HADZI B. HJ. NORDIN,MALE,,
P. 3_N.11,PERLIS,P. 3,ARAU,N.11,PAUH,BN - UMNO,HJ. ABU BAKAR B. HJ. ISMAIL (CIKGU BAKAR),MALE,,
P. 3_N.12,PERLIS,P. 3,ARAU,N.12,TAMBUN TULANG,BN - UMNO,DATO' SERI SHAHIDAN KASSIM,MALE,,
P. 3_N.13,PERLIS,P. 3,ARAU,N.13,GUAR SANJI,BA - PAS,USTAZ AHMAD BIN ALI,MALE,,
P. 3_N.14,PERLIS,P. 3,ARAU,N.14,SIMPANG EMPAT,BN - UMNO,ZAHARI BIN BAKAR,MALE,,
P. 3_N.15,PERLIS,P. 3,ARAU,N.15,SANGLANG,BA - PAS,UST. HASHIM B. HJ. JASIN,MALE,,
P. 4_N.1,KEDAH,P. 4,LANGKAWI,N.1,PADANG MATSIRAT,BN - UMNO,MD. HASAN BIN BULAT,MALE,,
P. 4_N.2,KEDAH,P. 4,LANGKAWI,N.2,KUAH,BN - UMNO,SANUSI BIN JUNID,MALE,,
P. 5_N.3,KEDAH,P. 5,JERLUN,N.3,AYER HITAM,BA - PAS,UST. ABD. GHANI AHMAD,MALE,,
P. 5_N.4,KEDAH,P. 5,JERLUN,N.4,KOTA SIPUTEH,BN - UMNO,ABU HASAN BIN SARIF,MALE,,
P. 6_N.5,KEDAH,P. 6,KUBANG PASU,N.5,TUNJANG,BN - UMNO,BARISHAH BINTI SAAD,FEMALE,,
P. 6_N.6,KEDAH,P. 6,KUBANG PASU,N.6,JITRA,BN - UMNO,PROF. DATO' DR. OTHMAN ISHAK,MALE,63,
P. 7_N.7,KEDAH,P. 7,PADANG TERAP,N.7,KUALA NERANG,BA - PAS,MOHAMAD YUSOFF BIN ZAKARIA @ MUNIR BIN ZAKARIA,MALE,,
P. 7_N.8,KEDAH,P. 7,PADANG TERAP,N.8,PEDU,BA - PAS,WAN JAAFAR BIN WAN AHMAD,MALE,,
P. 8_N.9,KEDAH,P. 8,POKOK SENA,N.9,BUKIT LADA,BA - PAS,SHEIKH ISMAIL KAMIS,MALE,,
P. 8_N.10,KEDAH,P. 8,POKOK SENA,N.10,LANGGAR,BA - PAS,MOHAMAD SHAUKI BIN IBRAHIM @ USTAZ SHAUKI,MALE,,
P. 8_N.11,KEDAH,P. 8,POKOK SENA,N.11,TANJONG SERI,BN - UMNO,USTAZ FADZIL HANAFI,MALE,,
P. 9_N.12,KEDAH,P. 9,ALOR SETAR,N.12,DERGA,BN - GERAKAN,CHEUNG KHAI YAN,MALE,43,
P. 9_N.13,KEDAH,P. 9,ALOR SETAR,N.13,KOTA DARUL AMAN,BN - MCA,CHONG KAU CHAI @ CHONG ITT CHEW,MALE,,
P. 9_N.14,KEDAH,P. 9,ALOR SETAR,N.14,ALOR MERAH,BN - UMNO,AHMAD BASHAH BIN MD. HANIPAH,MALE,,
P. 10_N.15,KEDAH,P. 10,KUALA KEDAH,N.15,ANAK BUKIT,BA - PAS,DATO' HJ. FADZIL MOHD NOOR,MALE,,
P. 10_N.16,KEDAH,P. 10,KUALA KEDAH,N.16,KUBANG ROTAN,BN - UMNO,DATO' HAJI SYED RAZAK B HAJI SYED ZAIN,MALE,,
P. 10_N.17,KEDAH,P. 10,KUALA KEDAH,N.17,PENGKALAN KUNDOR,BA - PAS,IR. PHAHROLRAZI BIN HAJI ZAWAWI,MALE,,
P. 11_N.18,KEDAH,P. 11,PENDANG,N.18,BUKIT RAYA,BA - PAS,HAJI MOHAMED TAULAN RASUL,MALE,,
P. 11_N.19,KEDAH,P. 11,PENDANG,N.19,SUNGAI TIANG,BN - UMNO,MD. ROZAI BIN SHAFIAN,MALE,,
P. 12_N.20,KEDAH,P. 12,YAN,N.20,SALA,BA - PAS,USTAZ AZIZAN BIN ABDUL RAZAK,MALE,,
P. 12_N.21,KEDAH,P. 12,YAN,N.21,GUAR CHEMPEDAK,BN - UMNO,HJ. ABD. RAZAK BIN HASHIM (CIK GU RAZAK),MALE,,
P. 13_N.22,KEDAH,P. 13,SIK,N.22,BELANTEK,BA - PAS,UST. MOHD. ISA SHAFIE,MALE,,
P. 13_N.23,KEDAH,P. 13,SIK,N.23,JENERI,BA - PAS,CIKGU YAHYA BIN ABDULLAH,MALE,,
P. 14_N.24,KEDAH,P. 14,MERBOK,N.24,BUKIT SELAMBAU,BN - MIC,DATO' V. SARAVANAN,MALE,,
P. 14_N.25,KEDAH,P. 14,MERBOK,N.25,GURUN,BN - MCA,BEH HENG SEONG,MALE,,
P. 14_N.26,KEDAH,P. 14,MERBOK,N.26,TANJONG DAWAI,BN - UMNO,HAJJAH ROSNAH MAJID,FEMALE,,
P. 15_N.27,KEDAH,P. 15,SUNGAI PETANI,N.27,PANTAI MERDEKA,BN - UMNO,MAT AKHAIR BIN SHAFIE,MALE,,
P. 15_N.28,KEDAH,P. 15,SUNGAI PETANI,N.28,BAKAR ARANG,BN - MCA,TAN HONG ENG,,,
P. 15_N.29,KEDAH,P. 15,SUNGAI PETANI,N.29,SIDAM,BN - GERAKAN,DATO' FONG CHOK GIN,MALE,,
P. 16_N.30,KEDAH,P. 16,BALING,N.30,BAYU,BN - UMNO,DATO' HAJI ZAINOL BIN MD. ISA,MALE,,
P. 16_N.31,KEDAH,P. 16,BALING,N.31,KUPANG,BA - PAS,UST. SUHAIMI BIN AHMAD,MALE,,
P. 16_N.32,KEDAH,P. 16,BALING,N.32,KUALA KETIL,BN - UMNO,MOHD. HADZIR BIN ISMAIL,MALE,,
P. 17_N.33,KEDAH,P. 17,PADANG SERAI,N.33,MERBAU PULAS,BN - UMNO,MARLIA BT ABD. LATIFF,FEMALE,,
P. 17_N.34,KEDAH,P. 17,PADANG SERAI,N.34,LUNAS,BN - MIC,DR. JOE FERNANDEZ,MALE,,
P. 18_N.35,KEDAH,P. 18,KULIM-BANDAR BAHARU,N.35,KULIM,BN - MCA,DATO' YONG PAU CHAK,MALE,,
P. 18_N.36,KEDAH,P. 18,KULIM-BANDAR BAHARU,N.36,BANDAR BAHARU,BN - UMNO,HAJI OSMAN BIN MD. AJI,MALE,,
P. 19_N.1,KELANTAN,P. 19,TUMPAT,N.1,PENGKALAN KUBOR,BA - PAS,WAN HUSAIN BIN WAN AHMAD @ TOK IMAM WAN HUSAIN,MALE,,
P. 19_N.2,KELANTAN,P. 19,TUMPAT,N.2,KELABORAN,BA - PAS,NOORDIN BIN YAAKUB @ CIK GU HJ. NOORDIN,MALE,,
P. 19_N.3,KELANTAN,P. 19,TUMPAT,N.3,PASIR PEKAN,BA - PAS,AHMAD BIN YAKOB @ USTAZ MAT TO' GURU KOB,MALE,,
P. 20_N.4,KELANTAN,P. 20,PENGKALAN CHEPA,N.4,KIJANG,BA - PAS,AB. HALIM BIN AB. RAHMAN @ USTAZ AB. HALIM,MALE,,
P. 20_N.5,KELANTAN,P. 20,PENGKALAN CHEPA,N.5,CHEMPAKA,BA - PAS,TUAN GURU NIK ABDUL AZIZ B NIK MAT,MALE,,
P. 20_N.6,KELANTAN,P. 20,PENGKALAN CHEPA,N.6,PANCHOR,BA - PAS,MOHD YUSOFF BIN LUDIN @ TOK IMAM SOH,MALE,,
P. 21_N.7,KELANTAN,P. 21,KOTA BHARU,N.7,TANJONG MAS,BA - PAS,ABD. RAHIM BIN WAN ABDULLAH @ CIKGU RAHIM,MALE,,
P. 21_N.8,KELANTAN,P. 21,KOTA BHARU,N.8,KOTA LAMA,BA - PAS,TAN TENG LOON @ ANUAR TAN B. ABDULLAH ANUAR TAN,MALE,,
P. 21_N.9,KELANTAN,P. 21,KOTA BHARU,N.9,BUNUT PAYONG,BA - PAS,TAKIYUDDIN BIN HASSAN @ TAKIYUDDIN HASSAN,MALE,,
P. 22_N.10,KELANTAN,P. 22,PASIR MAS,N.10,WAKAF BHARU,BA - PAS,RAMLI BIN ABU BAKAR @ HJ. RAMLI BIN ABU BAKAR,MALE,,
P. 22_N.11,KELANTAN,P. 22,PASIR MAS,N.11,TENDONG,BA - PAS,WAN OTHMAN BIN WAN YUSOFF @ CIK GU HAJI WAN OTHMAN,MALE,,
P. 22_N.12,KELANTAN,P. 22,PASIR MAS,N.12,PENGKALAN PASIR,BA - PAS,HASSAN BIN ABDULLAH @ HJ. HASSAN ABDULLAH,MALE,,
P. 23_N.13,KELANTAN,P. 23,RANTAU PANJANG,N.13,MERANTI,BA - PAS,MOHD. NASSURUDDIN BIN HAJI DAUD,MALE,,
P. 23_N.14,KELANTAN,P. 23,RANTAU PANJANG,N.14,GUAL PERIOK,BA - PAS,ABDULLAH BIN AB. RAZAK,MALE,,
P. 23_N.15,KELANTAN,P. 23,RANTAU PANJANG,N.15,BUKIT TUKU,BA - PAS,MOHD. YUSOF BIN ABDULLAH,MALE,,
P. 24_N.16,KELANTAN,P. 24,KUBANG KERIAN,N.16,SALOR,BA - PAS,BUNI AMIN BIN HAMZAH,MALE,,
P. 24_N.17,KELANTAN,P. 24,KUBANG KERIAN,N.17,PASIR TUMBOH,BA - PAS,AHMAD BAIHAKI BIN ATIQULLAH @ HJ BAIHAKI ATIQULLAH,MALE,,
P. 24_N.18,KELANTAN,P. 24,KUBANG KERIAN,N.18,KENALI,BA - PAS,MOHAMED BIN DAUD @ USTAZ MOHAMED IRAQ,MALE,,
P. 25_N.19,KELANTAN,P. 25,BACHOK,N.19,TAWANG,BA - PAS,HASSAN B. MOHAMMOD @ USTAZ HASSAN MAHMOOD,MALE,,
P. 25_N.20,KELANTAN,P. 25,BACHOK,N.20,PERUPOK,BA - PAS,OMAR B. MOHAMED,MALE,,
P. 25_N.21,KELANTAN,P. 25,BACHOK,N.21,JELAWAT,BA - PAS,SHAARY BIN HAJI AWANG @ IMAM SHAARI,MALE,,
P. 26_N.22,KELANTAN,P. 26,PERINGAT,N.22,MELOR,BA - PAS,WAN ISMAIL BIN WAN JUSOH,MALE,,
P. 26_N.23,KELANTAN,P. 26,PERINGAT,N.23,KADOK,BA - PAS,SHAMSUDIN @ MOHAMED SHUKRI BIN AB. RAHMAN @ IMAM HAJI SHUKRI,MALE,,
P. 26_N.24,KELANTAN,P. 26,PERINGAT,N.24,KETEREH,BA - PAS,MD. ASHARI BIN MAMAT,MALE,,
P. 27_N.25,KELANTAN,P. 27,TANAH MERAH,N.25,CHETOK,BA - PAS,HANAFI BIN HAJI DAUD @ HANAFI HAJI DAUD,MALE,,
P. 27_N.26,KELANTAN,P. 27,TANAH MERAH,N.26,BUKIT PANAU,BA - PAS,MAT YUSOFF BIN MAT SAH @ USTAZ SOH (MAT YUSOFF BIN MAT SAH),MALE,,
P. 27_N.27,KELANTAN,P. 27,TANAH MERAH,N.27,GUAL IPOH,BA - PAS,MUHAMAD KAMIL BIN HARUN @ PAK SU KAMIL,MALE,,
P. 28_N.28,KELANTAN,P. 28,PASIR PUTEH,N.28,SELISING,BA - PAS,SAIPUL BAHRIN B. MOHAMAD @ UST. DRS. SAIPUL BAHRIN,MALE,,
P. 28_N.29,KELANTAN,P. 28,PASIR PUTEH,N.29,LIMBONGAN,BA - PAS,ZAINUDDIN B. AWANG HAMAT @ CIKGU DIN,MALE,,
P. 28_N.30,KELANTAN,P. 28,PASIR PUTEH,N.30,SEMERAK,BA - PAS,HUSSIN BIN AWANG @ CIKGU HJ. HUSSIN,MALE,,
P. 28_N.31,KELANTAN,P. 28,PASIR PUTEH,N.31,GAAL,BA - PAS,NIK MAZIAN B. NIK MOHAMAD @ DR. NIK MAZIAN,MALE,,
P. 29_N.32,KELANTAN,P. 29,MACHANG,N.32,PULAI CHONDONG,BA - PAS,ZULKIFLI BIN MAMAT @ HJ. ZULKIFLI MAMAT,MALE,,
P. 29_N.33,KELANTAN,P. 29,MACHANG,N.33,BANGGOL JUDAH,BA - PAS,ZAKARIA BIN YAACOB @ CIKGU YA,MALE,,
P. 29_N.34,KELANTAN,P. 29,MACHANG,N.34,KEMUNING,BA - PAS,HASSAN BIN MUHAMAD @ HJ HASSAN BIN HJ MUHAMAD,MALE,,
P. 30_N.35,KELANTAN,P. 30,JELI,N.35,KEMAHANG,BA - PAS,MD. ANIZAM BIN AB RAHMAN @ MEJ (B) NIZAM,MALE,,
P. 30_N.36,KELANTAN,P. 30,JELI,N.36,AIR LANAS,BA - PAS,ABDULLAH BIN YA'KUB @ UST. LAH,MALE,,
P. 30_N.37,KELANTAN,P. 30,JELI,N.37,PERGAU,BA - PAS,MAMAT BIN ABDULLAH @ USTAZ AB. RAZAK BIN ABDULLAH,MALE,,
P. 31_N.38,KELANTAN,P. 31,KUALA KRAI,N.38,GUCHIL,BA - PAS,USTAZ ZULKIFLI BIN YACOB,MALE,,
P. 31_N.39,KELANTAN,P. 31,KUALA KRAI,N.39,MENGKEBANG,BA - PAS,HAJI IBRAHIM MADINAH,MALE,,
P. 31_N.40,KELANTAN,P. 31,KUALA KRAI,N.40,MANEK URAI,BA - PAS,ISMAIL BIN YAACOB,MALE,,
P. 32_N.41,KELANTAN,P. 32,GUA MUSANG,N.41,DABONG,BA - PAS,RAPAR ABDUL GHAFAR B. YUSOFF @ CIKGU GHAFAR,MALE,,
P. 32_N.42,KELANTAN,P. 32,GUA MUSANG,N.42,PALOH,BN - UMNO,NOZULA B. HAJI MAT DIAH,MALE,,
P. 32_N.43,KELANTAN,P. 32,GUA MUSANG,N.43,GALAS,BN - UMNO,MOHAMAD SAUFI DERAMAN,MALE,,
P. 33_N.1,TERENGGANU,P. 33,BESUT,N.1,KUALA BESUT,BA - PAS,USTAZ NIK MUHAMMAD ZAWAWI BIN SALLEH,MALE,,
P. 33_N.2,TERENGGANU,P. 33,BESUT,N.2,KAMPUNG RAJA,BA - PAS,HAJI ABDUL AZIZ BIN HAJI ABAS,MALE,,
P. 33_N.3,TERENGGANU,P. 33,BESUT,N.3,JERTIH,BA - PAS,TUN SALLEH ABAS,MALE,,
P. 33_N.4,TERENGGANU,P. 33,BESUT,N.4,HULU BESUT,BA - PAS,ABDULLAH BIN MAT DAN @ USTAZ ABDULLAH BIN MAT ADAM,MALE,,
P. 34_N.5,TERENGGANU,P. 34,SETIU,N.5,JABI,BA - PAS,USTAZ ZULKARNAIN BIN ABD. KADIR,MALE,,
P. 34_N.6,TERENGGANU,P. 34,SETIU,N.6,PERMAISURI,BA - PAS,USTAZ ROZALI BIN MUHAMMAD,MALE,,
P. 34_N.7,TERENGGANU,P. 34,SETIU,N.7,LANGKAP,BA - PAS,MOHAMAD BIN HITAM,MALE,,
P. 34_N.8,TERENGGANU,P. 34,SETIU,N.8,BATU RAKIT,BA - PAS,USTAZ HAJI ABU BAKAR CHIK,MALE,,
P. 35_N.9,TERENGGANU,P. 35,KUALA NERUS,N.9,TEPUH,BA - PAS,USTAZ ABU BAKAR BIN ABDULLAH,MALE,,
P. 35_N.10,TERENGGANU,P. 35,KUALA NERUS,N.10,TELUK PASU,BA - PAS,HAJI ISMAIL BIN HAJI MAMAT,MALE,,
P. 35_N.11,TERENGGANU,P. 35,KUALA NERUS,N.11,SEBERANG TAKIR,BN - UMNO,DATO' ABDUL RASHID BIN NGAH,MALE,,
P. 35_N.12,TERENGGANU,P. 35,KUALA NERUS,N.12,BUKIT TUNGGAL,BA - PAS,DR. HAJI ALIAS BIN RAZAK,MALE,,
P. 36_N.13,TERENGGANU,P. 36,KUALA TERENGGANU,N.13,WAKAF MEMPELAM,BA - PAS,HAJI MOHD ABDUL WAHID BIN ENDUT,MALE,,
P. 36_N.14,TERENGGANU,P. 36,KUALA TERENGGANU,N.14,BANDAR,BA - PAS,MD. AZMI BIN LOP YUSOF,MALE,,
P. 36_N.15,TERENGGANU,P. 36,KUALA TERENGGANU,N.15,LADANG,BA - PAS,DR. HAJI SULAIMAN BIN ABDULLAH,MALE,,
P. 36_N.16,TERENGGANU,P. 36,KUALA TERENGGANU,N.16,BATU BURUK,BA - PAS,WAN ABD MUTTALIB BIN EMBONG,MALE,,
P. 37_N.17,TERENGGANU,P. 37,MARANG,N.17,ALUR LIMBAT,BA - PAS,YAHAYA BIN ALI,MALE,,
P. 37_N.18,TERENGGANU,P. 37,MARANG,N.18,BUKIT PAYUNG,BA - PAS,USTAZ HAJI HASSAN MOHD SALLEH,MALE,,
P. 37_N.19,TERENGGANU,P. 37,MARANG,N.19,RU RENDANG,BA - PAS,TUAN GURU HJ. ABDUL HADI BIN AWANG,MALE,,
P. 37_N.20,TERENGGANU,P. 37,MARANG,N.20,PENGKALAN BERANGAN,BA - PAS,HAJI MUSTAFA BIN ALI,MALE,,
P. 38_N.21,TERENGGANU,P. 38,HULU TERENGGANU,N.21,TELEMUNG,BN - UMNO,TENGKU PUTERA BIN TENGKU AWANG,MALE,,
P. 38_N.22,TERENGGANU,P. 38,HULU TERENGGANU,N.22,MANIR,BA - PAS,USTAZ HAJI HARUN BIN TAIB,MALE,,
P. 38_N.23,TERENGGANU,P. 38,HULU TERENGGANU,N.23,KUALA BERANG,BA - PAS,DR. MAMAD BIN PUTEH,MALE,,
P. 38_N.24,TERENGGANU,P. 38,HULU TERENGGANU,N.24,AJIL,BN - UMNO,ROSOL BIN WAHID,MALE,,
P. 39_N.25,TERENGGANU,P. 39,DUNGUN,N.25,BUKIT BESI,BA - PAS,USTAZ HAJI ROSLAN BIN HAJI ISMAIL,MALE,,
P. 39_N.26,TERENGGANU,P. 39,DUNGUN,N.26,RANTAU ABANG,BA - PAS,USTAZ AZMAN SHAPAWI BIN ABDUL RANI,MALE,,
P. 39_N.27,TERENGGANU,P. 39,DUNGUN,N.27,SURA,BA - PAS,USTAZ WAN HASSAN BIN MOHD RAMLI,MALE,,
P. 39_N.28,TERENGGANU,P. 39,DUNGUN,N.28,PAKA,BA - PAS,USTAZ HAJI SAIFUL BAHRI BIN MAMAT,MALE,,
P. 40_N.29,TERENGGANU,P. 40,KEMAMAN,N.29,KEMASIK,BN - UMNO,DATO' HAJI ABU BAKAR BIN ALI,MALE,,
P. 40_N.30,TERENGGANU,P. 40,KEMAMAN,N.30,KIJAL,BA - PAS,HAJI MOHAMAD BIN SULONG,MALE,,
P. 40_N.31,TERENGGANU,P. 40,KEMAMAN,N.31,CUKAI,BA - PAS,USTAZ HAJI AWANG DAGANG BIN JUSOH,MALE,,
P. 40_N.32,TERENGGANU,P. 40,KEMAMAN,N.32,AIR PUTIH,BA - PAS,HAJI ISMAIL BIN HARUN,MALE,,
P. 41_N.1,PULAU PINANG,P. 41,KEPALA BATAS,N.1,PENAGA,BN - UMNO,DATO' HAJI AZHAR BIN IBRAHIM,MALE,53,
P. 41_N.2,PULAU PINANG,P. 41,KEPALA BATAS,N.2,BERTAM,BN - UMNO,HILMI BIN HJ ABDUL RAHID,MALE,45,
P. 41_N.3,PULAU PINANG,P. 41,KEPALA BATAS,N.3,PINANG TUNGGAL,BN - UMNO,DATO' YAHAYA BIN ABDUL HAMID,MALE,,
P. 42_N.4,PULAU PINANG,P. 42,TASEK GELUGOR,N.4,PERMATANG BERANGAN,BN - UMNO,ABD. RO'NI BIN A. HASAN,MALE,,
P. 42_N.5,PULAU PINANG,P. 42,TASEK GELUGOR,N.5,SUNGAI DUA,BN - UMNO,JASMIN BIN MOHAMED,MALE,,
P. 42_N.6,PULAU PINANG,P. 42,TASEK GELUGOR,N.6,TELOK AYER TAWAR,BN - UMNO,JAHARA BT. HAMID,FEMALE,,
P. 43_N.7,PULAU PINANG,P. 43,BAGAN,N.7,SUNGAI PUYU,BN - MCA,LOO AH DEE,MALE,,
P. 43_N.8,PULAU PINANG,P. 43,BAGAN,N.8,BAGAN JERMAL,BN - MCA,DR. SAK CHENG LUM,MALE,,
P. 43_N.9,PULAU PINANG,P. 43,BAGAN,N.9,PERAI,BN - MIC,DR. K. RAJAPATHY,MALE,53,
P. 44_N.10,PULAU PINANG,P. 44,PERMATANG PAUH,N.10,SEBERANG JAYA,BN - UMNO,DR RADIN AMIN BIN HJ. MUNIR,MALE,,
P. 44_N.11,PULAU PINANG,P. 44,PERMATANG PAUH,N.11,PERMATANG PASIR,BA - PAS,HAMDAN ABD. RAHMAN,MALE,,
P. 44_N.12,PULAU PINANG,P. 44,PERMATANG PAUH,N.12,PENANTI,BA - PKN,ABDUL RAHMAN BIN ABDUL KADIR,MALE,,
P. 45_N.13,PULAU PINANG,P. 45,BUKIT MERTAJAM,N.13,BERAPIT,BN - MCA,LAU CHIEK TUAN,MALE,,
P. 45_N.14,PULAU PINANG,P. 45,BUKIT MERTAJAM,N.14,MACHANG BUBUK,BN - GERAKAN,DR. TOH KIN WOON,MALE,,
P. 45_N.15,PULAU PINANG,P. 45,BUKIT MERTAJAM,N.15,BUKIT TENGAH,BN - GERAKAN,NG SIEW LAI,FEMALE,,
P. 46_N.16,PULAU PINANG,P. 46,NIBONG TEBAL,N.16,SUNGAI BAKAP,BN - GERAKAN,LAI CHEW HOCK,MALE,,
P. 46_N.17,PULAU PINANG,P. 46,NIBONG TEBAL,N.17,JAWI,BN - MCA,TAN CHENG LIANG,FEMALE,,
P. 46_N.18,PULAU PINANG,P. 46,NIBONG TEBAL,N.18,SUNGAI ACHEH,BN - UMNO,DATO' HAJI ABDUL RASHID ABDULLAH,MALE,,
P. 47_N.19,PULAU PINANG,P. 47,BUKIT BENDERA,N.19,TANJONG BUNGA,BN - GERAKAN,DR. KOH TSU KOON,MALE,,
P. 47_N.20,PULAU PINANG,P. 47,BUKIT BENDERA,N.20,AIR ITAM,BN - MCA,LYE SIEW WENG,MALE,,
P. 47_N.21,PULAU PINANG,P. 47,BUKIT BENDERA,N.21,KEBUN BUNGA,BN - GERAKAN,DR. TENG HOCK NAN,MALE,,
P. 48_N.22,PULAU PINANG,P. 48,TANJONG,N.22,PADANG KOTA,BN - GERAKAN,TENG CHONG YEOW,MALE,,
P. 48_N.23,PULAU PINANG,P. 48,TANJONG,N.23,PENGKALAN KOTA,BN - MCA,LEE HACK TEIK,MALE,,
P. 48_N.24,PULAU PINANG,P. 48,TANJONG,N.24,KAMPONG KOLAM,BN - MCA,LIM GIM SOON,MALE,,
P. 49_N.25,PULAU PINANG,P. 49,JELUTONG,N.25,DATOK KERAMAT,BN - GERAKAN,LIM BOO CHANG,MALE,,
P. 49_N.26,PULAU PINANG,P. 49,JELUTONG,N.26,SUNGAI PINANG,BN - GERAKAN,LOOI SWEE CHEANG,MALE,,
P. 49_N.27,PULAU PINANG,P. 49,JELUTONG,N.27,BATU LANCANG,BA - DAP,LAW HENG KIANG,,,
P. 50_N.28,PULAU PINANG,P. 50,BAYAN BARU,N.28,BUKIT GELUGOR,BN - MCA,KOAY KAR HUAH,MALE,,
P. 50_N.29,PULAU PINANG,P. 50,BAYAN BARU,N.29,PAYA TERUBONG,BN - MCA,DR. LOH HOCK HUN,MALE,,
P. 50_N.30,PULAU PINANG,P. 50,BAYAN BARU,N.30,BATU UBAN,BN - GERAKAN,DATO' KEE PHAIK CHEEN,FEMALE,,
P. 51_N.31,PULAU PINANG,P. 51,BALIK PULAU,N.31,BAYAN LEPAS,BN - GERAKAN,LIM CHIEN AUN,MALE,,
P. 51_N.32,PULAU PINANG,P. 51,BALIK PULAU,N.32,TELOK KUMBAR,BN - UMNO,SYED AMERUDDIN B SYED AHMAD,MALE,,
P. 51_N.33,PULAU PINANG,P. 51,BALIK PULAU,N.33,TELOK BAHANG,BN - UMNO,DATO' DR HILMI YAHAYA,MALE,,
P. 52_N.1,PERAK,P. 52,GERIK,N.1,PENGKALAN HULU,BN - UMNO,IBRAHIM BIN MOHD HANAFIAH,MALE,,
P. 52_N.2,PERAK,P. 52,GERIK,N.2,TEMENGOR,BN - UMNO,MOKHTARUDIN BIN MOHD KAYA,MALE,,
P. 52_N.3,PERAK,P. 52,GERIK,N.3,KENERING,BN - UMNO,MOHD TAJOL ROSLI GHAZALI,MALE,,
P. 53_N.4,PERAK,P. 53,LARUT,N.4,SELAMA,BN - UMNO,HJ. MOHD ALI BIN HJ. MOHD ISA,MALE,,
P. 53_N.5,PERAK,P. 53,LARUT,N.5,BATU KURAU,BN - UMNO,HJ. MOHD JAFRI BIN HJ. MOHD YUNUS,MALE,,
P. 54_N.6,PERAK,P. 54,PARIT BUNTAR,N.6,TITI SERONG,BA - PAS,AHMAD AZHAR SHARIN,MALE,,
P. 54_N.7,PERAK,P. 54,PARIT BUNTAR,N.7,KUALA KURAU,BN - UMNO,AHMAD SHAHIFFUDIN B. A. AZIZ,MALE,,
P. 55_N.8,PERAK,P. 55,BAGAN SERAI,N.8,ALOR PONGSU,BN - UMNO,DATO' HJ QAMARUZ ZAMAN BIN HJ. ISMAIL,MALE,63,
P. 55_N.9,PERAK,P. 55,BAGAN SERAI,N.9,GUNONG SEMANGGOL,BA - PAS,TUAN GURU JABERAL @ SABRAN BIN HASAMAWI @ ASMAWI,MALE,61,
P. 56_N.10,PERAK,P. 56,BUKIT GANTANG,N.10,KUALA SAPETANG,BN - GERAKAN,SIEW KOK KAN,MALE,,
P. 56_N.11,PERAK,P. 56,BUKIT GANTANG,N.11,CHANGKAT JERING,BN - UMNO,HAJI MAT ISA BIN ISMAIL,MALE,,
P. 56_N.12,PERAK,P. 56,BUKIT GANTANG,N.12,TRONG,BN - UMNO,SAHARUDIN B. ABD JABAR,MALE,,
P. 57_N.13,PERAK,P. 57,TAIPING,N.13,KAMUNTING,BN - UMNO,DATO' DR. ABDUL MALEK MUHAMED HANAFLAH,MALE,,
P. 57_N.14,PERAK,P. 57,TAIPING,N.14,POKOK ASSAM,BN - MCA,HO CHENG WANG,MALE,,
P. 57_N.15,PERAK,P. 57,TAIPING,N.15,AULONG,BN - GERAKAN,YEONG SING CHEE,,,
P. 58_N.16,PERAK,P. 58,CHENDEROH,N.16,LENGGONG,BN - UMNO,HAJI SAARANI B. HAJI MOHAMAD,MALE,,
P. 58_N.17,PERAK,P. 58,CHENDEROH,N.17,LUBOK MERBAU,BN - UMNO,HAJI JAMAL NASIR B. RASDI,MALE,,
P. 59_N.18,PERAK,P. 59,SUNGAI SIPUT,N.18,LINTANG,BN - UMNO,DATO HAJI FADIL HARUN,MALE,,
P. 59_N.19,PERAK,P. 59,SUNGAI SIPUT,N.19,JALONG,BN - GERAKAN,DATO CHANG KO YOUN,MALE,,
P. 60_N.20,PERAK,P. 60,TAMBUN,N.20,MANJOI,BN - UMNO,NADZRI BIN ISMAIL,MALE,,
P. 60_N.21,PERAK,P. 60,TAMBUN,N.21,HULU KINTA,BN - UMNO,MAZIDAH BT ZAKARIA,FEMALE,,
P. 61_N.22,PERAK,P. 61,IPOH TIMOR,N.22,TAMAN CANNING,BN - GERAKAN,HIEW YEW CAN,MALE,,
P. 61_N.23,PERAK,P. 61,IPOH TIMOR,N.23,TEBING TINGGI,BN - MCA,CHEW WAI KHOON,MALE,,
P. 61_N.24,PERAK,P. 61,IPOH TIMOR,N.24,PASIR PINJI,BN - MCA,CHAN KAM,MALE,,
P. 62_N.25,PERAK,P. 62,IPOH BARAT,N.25,BERCHAM,BN - MCA,TAN CHIN MENG,MALE,,
P. 62_N.26,PERAK,P. 62,IPOH BARAT,N.26,BUNTONG,BN - MCA,YIK PHOOI HONG,MALE,,
P. 63_N.27,PERAK,P. 63,BATU GAJAH,N.27,MENGLEMBU,BA - DAP,KEONG MENG SING,,,
P. 63_N.28,PERAK,P. 63,BATU GAJAH,N.28,LAHAT,BN - MCA,LEE KON YIN,,,
P. 64_N.29,PERAK,P. 64,KUALA KANGSAR,N.29,BUKIT CHANDAN,BN - UMNO,AHMAD BIN JAAFAR,MALE,,
P. 64_N.30,PERAK,P. 64,KUALA KANGSAR,N.30,MANONG,BN - UMNO,RAMLY BIN ZAHARI,MALE,,
P. 65_N.31,PERAK,P. 65,BERUAS,N.31,PENGKALAN BAHARU,BN - UMNO,HAMDI BIN ABU BAKAR,MALE,,
P. 65_N.32,PERAK,P. 65,BERUAS,N.32,PANTAI REMIS,BA - DAP,NGA KOR MING,MALE,,
P. 66_N.33,PERAK,P. 66,PARIT,N.33,BELANJA,BA - PAS,DR. FAIZOL FADZLI BIN HAJI MOHAMED,MALE,,
P. 66_N.34,PERAK,P. 66,PARIT,N.34,BOTA,BA - PKN,KAPT (B) USAILI BIN ALIAS,MALE,,
P. 67_N.35,PERAK,P. 67,GOPENG,N.35,RAPAT SETIA,BN - MCA,CHANG KON YOU @ CHEN KWAN WU,,51,
P. 67_N.36,PERAK,P. 67,GOPENG,N.36,TEJA,BN - MCA,HO WAI CHEONG,MALE,,
P. 68_N.37,PERAK,P. 68,KAMPAR,N.37,TUALANG SEKAH,BN - UMNO,HJ. MOHD. RADZI MANAN,MALE,,
P. 68_N.38,PERAK,P. 68,KAMPAR,N.38,KUALA DIPANG,BN - MCA,DR. CHONG FAH,MALE,,
P. 68_N.39,PERAK,P. 68,KAMPAR,N.39,MALIM NAWAR,BN - MCA,LEE CHEE LEONG,MALE,,
P. 69_N.40,PERAK,P. 69,TAPAH,N.40,CHENDERIANG,BN - MCA,ONG KA CHUAN,MALE,,
P. 69_N.41,PERAK,P. 69,TAPAH,N.41,AYER KUNING,BN - UMNO,DATO' HJ. AZMAN BIN MAHALAN,MALE,,
P. 70_N.42,PERAK,P. 70,PASIR SALAK,N.42,SUNGAI MANIK,BN - UMNO,DATO' SERI MOHAMED NAZRI HAJI ABDUL RAHIM,MALE,,
P. 70_N.43,PERAK,P. 70,PASIR SALAK,N.43,KAMPONG GAJAH,BN - UMNO,AINON KHARIYAH BINTI MOHD. ABAS,FEMALE,,
P. 71_N.44,PERAK,P. 71,LUMUT,N.44,PANGKOR,BN - UMNO,MOHAMAD WAJDI ISHAK,MALE,,
P. 71_N.45,PERAK,P. 71,LUMUT,N.45,PASIR PANJANG,BN - MIC,K. MUNISAMY,MALE,,
P. 71_N.46,PERAK,P. 71,LUMUT,N.46,SITIAWAN,BA - DAP,HU CHAN YOU,MALE,,
P. 72_N.47,PERAK,P. 72,BAGAN DATOK,N.47,RUNGKUP,BN - UMNO,ABDULLAH BIN AHMAD,MALE,,
P. 72_N.48,PERAK,P. 72,BAGAN DATOK,N.48,HUTAN MELINTANG,BN - MIC,DATO' G. RAJOO,MALE,,
P. 73_N.49,PERAK,P. 73,TELOK INTAN,N.49,PASIR BEDAMAR,BA - DAP,SEAH LEONG PENG,MALE,,
P. 73_N.50,PERAK,P. 73,TELOK INTAN,N.50,CHANGKAT JONG,BN - UMNO,IR. ONN B. HAMZAH,MALE,,
P. 74_N.51,PERAK,P. 74,TANJONG MALIM,N.51,SUNGKAI,BN - MIC,R. GANESAN,MALE,,
P. 74_N.52,PERAK,P. 74,TANJONG MALIM,N.52,SLIM,BN - UMNO,JUNUS B. WAHID,MALE,,
P. 75_N.1,PAHANG,P. 75,LIPIS,N.1,CAMERON HIGHLANDS,BN - MCA,DATO LAW KEE LONG,MALE,,
P. 75_N.2,PAHANG,P. 75,LIPIS,N.2,JELAI,BN - UMNO,DATO' HAJI OMAR BIN OTHMAN,MALE,,
P. 75_N.3,PAHANG,P. 75,LIPIS,N.3,PADANG TENGKU,BN - UMNO,HJ ABDUL HALIM B MANSOR,MALE,,
P. 75_N.4,PAHANG,P. 75,LIPIS,N.4,CEKA,BN - MCA,FONG KOONG FUEE,,,
P. 76_N.5,PAHANG,P. 76,RAUB,N.5,BENTA,BN - UMNO,MOHD SOFFI BIN TAN SRI HAJI ABDUL RAZAK,MALE,,
P. 76_N.6,PAHANG,P. 76,RAUB,N.6,BATU TALAM,BN - UMNO,TENGKU PARIS B. TENGKU RAZLAN,MALE,,
P. 76_N.7,PAHANG,P. 76,RAUB,N.7,TERAS,BN - MCA,CHAN CHOON FAH,,,
P. 76_N.8,PAHANG,P. 76,RAUB,N.8,DONG,BN - UMNO,DATO HAJI SHAHIRUDDIN AB. MOIN,MALE,,
P. 77_N.9,PAHANG,P. 77,JERANTUT,N.9,TAHAN,BA - PAS,CIK MALIK,MALE,,
P. 77_N.10,PAHANG,P. 77,JERANTUT,N.10,DAMAK,BN - MCA,LAU LEE,MALE,,
P. 77_N.11,PAHANG,P. 77,JERANTUT,N.11,PULAU TAWAR,BN - UMNO,DR. AHMAD SHUKRI BIN ISMAIL,MALE,,
P. 78_N.12,PAHANG,P. 78,KUANTAN,N.12,BESERAH,BN - UMNO,DATO HAJI FAUZI A. RAHMAN,MALE,,
P. 78_N.13,PAHANG,P. 78,KUANTAN,N.13,TERUNTUM,BN - MCA,DATO' KAN TONG LEONG,MALE,60,
P. 78_N.14,PAHANG,P. 78,KUANTAN,N.14,INDERA MAHKOTA,BN - MCA,TI LIAN KER,MALE,,
P. 79_N.15,PAHANG,P. 79,PAYA BESAR,N.15,SUNGAI LEMBING,BN - UMNO,TUAN HAJI MD. SOHAIMI BIN HAJI MOHAMED SHAH,MALE,,
P. 79_N.16,PAHANG,P. 79,PAYA BESAR,N.16,LEPAR,BN - UMNO,HJ. AHMAD TAJUDIN B. HJ. SULAIMAN,MALE,,
P. 79_N.17,PAHANG,P. 79,PAYA BESAR,N.17,PENUR,BA - PAS,ABDUL AZIZ HAJI LONG,MALE,,
P. 80_N.18,PAHANG,P. 80,PEKAN,N.18,KUALA PAHANG,BA - PAS,MOHD IQBAL HAMDY BIN MOHD RUSDI,MALE,,
P. 80_N.19,PAHANG,P. 80,PEKAN,N.19,BEBAR,BN - UMNO,ISHAK BIN MUHAMAD,MALE,,
P. 80_N.20,PAHANG,P. 80,PEKAN,N.20,CINI,BA - PKN,MOHD JAFRI HJ ABDUL RASHID,MALE,,
P. 81_N.21,PAHANG,P. 81,MARAN,N.21,LUIT,BN - UMNO,HJ. AHMAD MUNAWAR BIN HJ. ABDUL JALIL,MALE,,
P. 81_N.22,PAHANG,P. 81,MARAN,N.22,HULU JEMPUL,BN - UMNO,ROSNI ZAHARI,MALE,,
P. 81_N.23,PAHANG,P. 81,MARAN,N.23,JENGKA,BA - PAS,USTAZ DATO' TUAN IBRAHIM,MALE,,
P. 81_N.24,PAHANG,P. 81,MARAN,N.24,CENUR,BN - UMNO,DATO HJ. TAN MOHD AMINUDDIN B. HJ. ISHAK,MALE,,
P. 82_N.25,PAHANG,P. 82,MENTEKAB,N.25,JENDERAK,BN - UMNO,HAJI MOHAMED BIN HAJI JAAFAR,MALE,,
P. 82_N.26,PAHANG,P. 82,MENTEKAB,N.26,SANGGANG,BN - UMNO,DATO' HAJI ABDULLAH BIN HAJI KIA,MALE,,
P. 82_N.27,PAHANG,P. 82,MENTEKAB,N.27,LANCANG,BN - UMNO,HAJI MOHD SHARKAR HAJI SHAMSUDIN,MALE,,
P. 83_N.28,PAHANG,P. 83,BENTUNG,N.28,BILUT,BN - MCA,HOH KHAI MUN,MALE,,
P. 83_N.29,PAHANG,P. 83,BENTUNG,N.29,KETARI,BN - GERAKAN,DATO LOKE KOON KAM,MALE,,
P. 83_N.30,PAHANG,P. 83,BENTUNG,N.30,SABAI,BN - MIC,M. DAVENDRAN,MALE,,
P. 83_N.31,PAHANG,P. 83,BENTUNG,N.31,PELANGAI,BN - UMNO,DATO' SERI ADNAN YAAKOB,MALE,,
P. 84_N.32,PAHANG,P. 84,TEMERLUH,N.32,SEMANTAN,BA - PAS,HAJI IDRIS BIN OMAR,MALE,,
P. 84_N.33,PAHANG,P. 84,TEMERLUH,N.33,TERIANG,BA - DAP,LEONG NGAH NGAH,MALE,,
P. 84_N.34,PAHANG,P. 84,TEMERLUH,N.34,GUAI,BA - PAS,MEJAR HJ ABDUL AZIZ YAAKOB,MALE,,
P. 84_N.35,PAHANG,P. 84,TEMERLUH,N.35,BERA,BN - UMNO,MOHD HAYANI B. ABDUL RAHMAN,MALE,,
P. 85_N.36,PAHANG,P. 85,ROMPIN,N.36,BUKIT IBAM,BN - UMNO,DATO' HAJI HASAN BIN ARIFFIN,MALE,,
P. 85_N.37,PAHANG,P. 85,ROMPIN,N.37,MUADZAM SHAH,BN - UMNO,MAZNAH MAZLAN,FEMALE,,
P. 85_N.38,PAHANG,P. 85,ROMPIN,N.38,TIOMAN,BN - UMNO,DATO' HAJI MUSTAFAR BIN ABU BAKAR,MALE,,
P. 86_N.1,SELANGOR,P. 86,SABAK BERNAM,N.1,SUNGAI AIR TAWAR,BN - UMNO,MAY YASIR BIN IKHSAN,MALE,,
P. 86_N.2,SELANGOR,P. 86,SABAK BERNAM,N.2,SABAK,BN - UMNO,DATO' RAJA IDERIS BIN RAJA AHMAD,MALE,,
P. 86_N.3,SELANGOR,P. 86,SABAK BERNAM,N.3,SUNGAI BESAR,BA - PAS,USTAZ SALLEHEN BIN MUKHYI,MALE,,
P. 87_N.4,SELANGOR,P. 87,TANJUNG KARANG,N.4,SUNGAI PANJANG,BN - UMNO,DR. MOHAMAD KHIR BIN TOYO,MALE,,
P. 87_N.5,SELANGOR,P. 87,TANJUNG KARANG,N.5,SEKINCAN,BN - MCA,CHIA KIM LEM,MALE,,
P. 87_N.6,SELANGOR,P. 87,TANJUNG KARANG,N.6,SUNGAI BURUNG,BA - PAS,DATO' DR. HASAN BIN MOHAMED,MALE,,
P. 88_N.7,SELANGOR,P. 88,HULU SELANGOR,N.7,HULU BERNAM,BN - UMNO,DATO' MOHAMED IDRIS ABU BAKAR,MALE,,
P. 88_N.8,SELANGOR,P. 88,HULU SELANGOR,N.8,KUALA KUBU BAHARU,BN - MCA,CH'NG TOH ENG,MALE,,
P. 88_N.9,SELANGOR,P. 88,HULU SELANGOR,N.9,BATANG KALI,BN - UMNO,DATO' HJ. ZAINAL ABIDIN BIN HJ. SAKOM,MALE,,
P. 89_N.10,SELANGOR,P. 89,KUALA SELANGOR,N.10,PERMATANG,BN - UMNO,DATO' SRI (DR) HJ. ABU HASSAN OMAR,MALE,,
P. 89_N.11,SELANGOR,P. 89,KUALA SELANGOR,N.11,IJUK,BN - MIC,DATO' K. SIVALINGAM,MALE,,
P. 89_N.12,SELANGOR,P. 89,KUALA SELANGOR,N.12,JERAM,BN - UMNO,MESRAH BT SELAMAT,FEMALE,55,
P. 90_N.13,SELANGOR,P. 90,SELAYANG,N.13,RAWANG,BN - MCA,DATO' TANG SEE HANG,MALE,,
P. 90_N.14,SELANGOR,P. 90,SELAYANG,N.14,SELAYANG BAHARU,BN - UMNO,DATO' AHMAD BHARI ABD RAHMAN,MALE,,
P. 90_N.15,SELANGOR,P. 90,SELAYANG,N.15,PAYA JARAS,BN - UMNO,DATO' HJ SULAIMAN SAMAT,MALE,,
P. 91_N.16,SELANGOR,P. 91,GOMBAK,N.16,SUNGAI TUA,BN - MIC,V. JAGARASAH,MALE,,
P. 91_N.17,SELANGOR,P. 91,GOMBAK,N.17,GOMBAK SETIA,BA - PAS,USTAZ DATO' HJ. ISMAIL BIN KAMUS,MALE,51,
P. 91_N.18,SELANGOR,P. 91,GOMBAK,N.18,HULU KELANG,BA - PKN,AZMIN ALI,MALE,,
P. 92_N.19,SELANGOR,P. 92,AMPANG JAYA,N.19,AMPANG,BN - UMNO,DATO' HJ MUFTI B. SUIB,MALE,,
P. 92_N.20,SELANGOR,P. 92,AMPANG JAYA,N.20,PANDAN,BN - UMNO,HJ. MAD ARIS BIN HAJI MAD YUSOF,MALE,,
P. 92_N.21,SELANGOR,P. 92,AMPANG JAYA,N.21,LEMBAH JAYA,BN - UMNO,HJ. ISMAIL BIN KIJO,MALE,,
P. 93_N.22,SELANGOR,P. 93,HULU LANGAT,N.22,DUSUN TUA,BN - UMNO,DATO' DR. ZAINAL ABIDIN BIN AHMAD,MALE,,
P. 93_N.23,SELANGOR,P. 93,HULU LANGAT,N.23,KAJANG,BA - PAS,DR. SHAFIE BIN ABU BAKAR,MALE,,
P. 93_N.24,SELANGOR,P. 93,HULU LANGAT,N.24,BERANANG,BN - UMNO,AHAMAD KURIS B MOHD NOR,MALE,,
P. 94_N.25,SELANGOR,P. 94,PJ UTARA,N.25,DAMANSARA UTAMA,BN - MCA,LIM CHOON KIN,MALE,,
P. 94_N.26,SELANGOR,P. 94,PJ UTARA,N.26,KAMPUNG TUNKU,BN - MCA,DR. WONG SAI HOU,MALE,,
P. 95_N.27,SELANGOR,P. 95,PJ SELATAN,N.27,BUKIT GASING,BN - GERAKAN,DR. LIM THUANG SENG,MALE,,
P. 95_N.28,SELANGOR,P. 95,PJ SELATAN,N.28,TAMAN MEDAN,BN - UMNO,NORKHAILA BINTI JAMALUDDIN,FEMALE,,
P. 96_N.29,SELANGOR,P. 96,SERDANG,N.29,PUCUNG,BN - UMNO,DATO' HAJI SALIM B. DIMAN,MALE,,
P. 96_N.30,SELANGOR,P. 96,SERDANG,N.30,SRI KEMBANGAN,BN - MCA,LIEW YUEN KEONG,MALE,39,
P. 96_N.31,SELANGOR,P. 96,SERDANG,N.31,BALAKONG,BN - MCA,HOH HEE LEE,MALE,39,
P. 97_N.32,SELANGOR,P. 97,SUBANG,N.32,BUKIT LANJAN,BN - GERAKAN,LUM WENG KEONG,MALE,47,
P. 97_N.33,SELANGOR,P. 97,SUBANG,N.33,KELANA JAYA,BN - UMNO,DATO' HJ MOHD MOKHTAR BIN HJ. AHMAD DAHLAN,MALE,,
P. 97_N.34,SELANGOR,P. 97,SUBANG,N.34,SUBANG JAYA,BN - MCA,LEE HWA BENG,MALE,,
P. 98_N.35,SELANGOR,P. 98,SHAH ALAM,N.35,BATU TIGA,BN - UMNO,SALAMON BIN SELAMAT,MALE,,
P. 98_N.36,SELANGOR,P. 98,SHAH ALAM,N.36,SUNGAI RENGGAM,BN - UMNO,AHMAD NAWAWI BIN M. ZIN,MALE,,
P. 98_N.37,SELANGOR,P. 98,SHAH ALAM,N.37,KOTA RAJA,BN - MIC,KAMALA GANAPATHY,FEMALE,,
P. 99_N.38,SELANGOR,P. 99,KAPAR,N.38,MERU,BN - UMNO,DATO' JAEI BIN ISMAIL,MALE,,
P. 99_N.39,SELANGOR,P. 99,KAPAR,N.39,SEMENTA,BN - UMNO,DATO' ABD. RAHMAN B PALIL,MALE,,
P. 99_N.40,SELANGOR,P. 99,KAPAR,N.40,SELAT KLANG,BN - UMNO,DATO' ZAINAL @ ZAKARIA BIN MD. DERUS,MALE,,
P. 100_N.41,SELANGOR,P. 100,KLANG,N.41,BANDAR KLANG,BA - DAP,TENG CHANG KHIM,MALE,,
P. 100_N.42,SELANGOR,P. 100,KLANG,N.42,PELABUHAN KLANG,BN - MCA,DATO TEH CHANG YING,MALE,,
P. 101_N.43,SELANGOR,P. 101,KUALA LANGAT,N.43,SIJANGKANG,BN - UMNO,DATO' ABDUL FATAH B. HJ. ISKANDAR,MALE,,
P. 101_N.44,SELANGOR,P. 101,KUALA LANGAT,N.44,TELUK DATUK,BN - MCA,EI KIM HOCK,MALE,,
P. 101_N.45,SELANGOR,P. 101,KUALA LANGAT,N.45,MORIB,BN - UMNO,DATO' ABDUL SAMAD MAHARUDIN,MALE,,
P. 102_N.46,SELANGOR,P. 102,SEPANG,N.46,BATU LAUT,BN - UMNO,MOHD KHAILANI BIN MANGON,MALE,,
P. 102_N.47,SELANGOR,P. 102,SEPANG,N.47,DENGKIL,BN - UMNO,DATO' HAJI MOHD SHARIF BIN JAJANG,MALE,,
P. 102_N.48,SELANGOR,P. 102,SEPANG,N.48,SUNGAI PELIK,BN - MCA,LIEW CHEE KHONG @ LIEW CHEE CHOONG,,,
P. 113_N.1,NEGERI SEMBILAN,P. 113,JELEBU,N.1,CHENNAH,BN - MCA,LIM YONG,,,
P. 113_N.2,NEGERI SEMBILAN,P. 113,JELEBU,N.2,KLAWANG,BN - UMNO,DATO' HJ. SHAMSUL BAHARI BIN MAT,MALE,,
P. 113_N.3,NEGERI SEMBILAN,P. 113,JELEBU,N.3,PERTANG,BN - UMNO,RAZAK BIN MANSOR,MALE,,
P. 113_N.4,NEGERI SEMBILAN,P. 113,JELEBU,N.4,SUNGAI LUI,BN - UMNO,ANUAR RASHIDIN,MALE,,
P. 114_N.5,NEGERI SEMBILAN,P. 114,JEMPOL,N.5,SERTING,BN - UMNO,DATO HJ LILAH BIN HJ YASIN,MALE,,
P. 114_N.6,NEGERI SEMBILAN,P. 114,JEMPOL,N.6,BAHAU,BN - MCA,SEE AH KOW,,,
P. 114_N.7,NEGERI SEMBILAN,P. 114,JEMPOL,N.7,JERAM PADANG,BN - MIC,T. RAJAGOPALU,MALE,,
P. 114_N.8,NEGERI SEMBILAN,P. 114,JEMPOL,N.8,PALONG,BN - UMNO,KAMARUDDIN BIN MOHD. DIN,MALE,,
P. 115_N.9,NEGERI SEMBILAN,P. 115,TAMPIN,N.9,GEMAS,BN - UMNO,DATO' HJ. MOHAMAD YASSIN BIN BAKAR,MALE,,
P. 115_N.10,NEGERI SEMBILAN,P. 115,TAMPIN,N.10,GEMENCHEH,BN - UMNO,DATO WAAD B HJ. MANSOR,MALE,,
P. 115_N.11,NEGERI SEMBILAN,P. 115,TAMPIN,N.11,REPAH,BN - MCA,GAN CHIN YAP,,,
P. 115_N.12,NEGERI SEMBILAN,P. 115,TAMPIN,N.12,KOTA,BN - UMNO,ZAHARUDIN MOHD SHARIFF,MALE,,
P. 116_N.13,NEGERI SEMBILAN,P. 116,KUALA PILAH,N.13,JUASSEH,BN - UMNO,HASAN BIN MALEK,MALE,,
P. 116_N.14,NEGERI SEMBILAN,P. 116,KUALA PILAH,N.14,SENALING,BN - UMNO,HAJI ISMAIL LASIM,MALE,,
P. 116_N.15,NEGERI SEMBILAN,P. 116,KUALA PILAH,N.15,JOHOL,BN - UMNO,DATO' DARUS SALIM BIN BULIN,MALE,,
P. 116_N.16,NEGERI SEMBILAN,P. 116,KUALA PILAH,N.16,PILAH,BN - UMNO,NORHAYATI BINTI OMAR,FEMALE,,
P. 116_N.17,NEGERI SEMBILAN,P. 116,KUALA PILAH,N.17,SERI MENANTI,BN - UMNO,HAJI IBRAHIM BIN JAHAYA,MALE,,
P. 117_N.18,NEGERI SEMBILAN,P. 117,SEREMBAN,N.18,NILAI,BN - MCA,PETER LAI YIT FEE,MALE,,
P. 117_N.19,NEGERI SEMBILAN,P. 117,SEREMBAN,N.19,LENGGENG,BN - UMNO,DATO' ISHAK ISMAIL,MALE,,
P. 117_N.20,NEGERI SEMBILAN,P. 117,SEREMBAN,N.20,SENAWANG,BN - GERAKAN,DATO' WOO AH LEK,,,
P. 117_N.21,NEGERI SEMBILAN,P. 117,SEREMBAN,N.21,AMPANGAN,BN - UMNO,HAJI ZAKARIA NORDIN,MALE,42,
P. 117_N.22,NEGERI SEMBILAN,P. 117,SEREMBAN,N.22,LOBAK,BN - MCA,KHOO SENG HOCK,,51,
P. 118_N.23,NEGERI SEMBILAN,P. 118,RASAH,N.23,LABU,BN - UMNO,MUHAMAD SHAHLAN BIN SHAID,MALE,,
P. 118_N.24,NEGERI SEMBILAN,P. 118,RASAH,N.24,TEMIANG,BN - MCA,LEE YUEN FONG,,,
P. 118_N.25,NEGERI SEMBILAN,P. 118,RASAH,N.25,RAHANG,BN - MCA,YIP CHEE KIONG,,,
P. 118_N.26,NEGERI SEMBILAN,P. 118,RASAH,N.26,MAMBAU,BN - MCA,YU CHOK TOW,,,
P. 118_N.27,NEGERI SEMBILAN,P. 118,RASAH,N.27,RANTAU,BN - UMNO,AB. GHANI HASSAN,MALE,,
P. 119_N.28,NEGERI SEMBILAN,P. 119,TELOK KEMANG,N.28,CHEMBONG,BN - UMNO,FIRDAUS HARUN,MALE,,
P. 119_N.29,NEGERI SEMBILAN,P. 119,TELOK KEMANG,N.29,LINGGI,BN - UMNO,MOHD ISA BIN ABD. SAMAD,MALE,,
P. 119_N.30,NEGERI SEMBILAN,P. 119,TELOK KEMANG,N.30,PASIR PANJANG,BN - UMNO,SAINY BIN EDRIS,MALE,,
P. 119_N.31,NEGERI SEMBILAN,P. 119,TELOK KEMANG,N.31,SI RUSA,BN - MIC,E.M. YOHEVEL,,,
P. 119_N.32,NEGERI SEMBILAN,P. 119,TELOK KEMANG,N.32,LUKUT,BN - MCA,YEO CHAI THIAM,,,
P. 120_N.1,MELAKA,P. 120,ALOR GAJAH,N.1,KUALA LINGGI,BN - UMNO,DATUK IBRAHIM BIN DURUM,MALE,,
P. 120_N.2,MELAKA,P. 120,ALOR GAJAH,N.2,RAMUAN CHINA,BN - UMNO,DATUK HJ. LONG BIN SAID,MALE,,
P. 120_N.3,MELAKA,P. 120,ALOR GAJAH,N.3,MELEKEK,BN - UMNO,NAWI BIN AHMAD,MALE,,
P. 120_N.4,MELAKA,P. 120,ALOR GAJAH,N.4,MASJID TANAH,BN - UMNO,DATUK RAMLI MOHD SAID,MALE,,
P. 120_N.5,MELAKA,P. 120,ALOR GAJAH,N.5,SUNGAI UDANG,BN - UMNO,KAPT (B) AB KARIM BIN SULAIMAN,MALE,,
P. 121_N.6,MELAKA,P. 121,SELANDAR,N.6,PULAU SEBANG,BN - UMNO,HJ. AB. AZIZ BIN ISA,MALE,,
P. 121_N.7,MELAKA,P. 121,SELANDAR,N.7,BUKIT SEDANAN,BN - MCA,POH AH TIAM,,,
P. 121_N.8,MELAKA,P. 121,SELANDAR,N.8,BUKIT ASAHAN,BN - MIC,R. RAGHAVAN,MALE,,
P. 121_N.9,MELAKA,P. 121,SELANDAR,N.9,DURIAN TUNGGAL,BN - UMNO,HAJI ABDUL KADIR BIN DAUD,MALE,,
P. 121_N.10,MELAKA,P. 121,SELANDAR,N.10,REMBIA,BN - UMNO,HAMDIN BIN ABDOLLAH,MALE,,
P. 122_N.11,MELAKA,P. 122,BATU BERENDAM,N.11,TANGGA BATU,BN - UMNO,YAAKUB BIN MD. AMIN,MALE,,
P. 122_N.12,MELAKA,P. 122,BATU BERENDAM,N.12,PAYA RUMPUT,BN - UMNO,MOHD ALI BIN MOHD RUSTAM,MALE,,
P. 122_N.13,MELAKA,P. 122,BATU BERENDAM,N.13,AYER KEROH,BN - MCA,SEAH KWI TONG,MALE,50,
P. 122_N.14,MELAKA,P. 122,BATU BERENDAM,N.14,BACHANG,BA - DAP,LIM JAK WONG,,,
P. 122_N.15,MELAKA,P. 122,BATU BERENDAM,N.15,AYER MOLEK,BN - UMNO,MOMIN BIN ABDUL AZIZ @ JENAL BIN LAJIS,MALE,,
P. 123_N.16,MELAKA,P. 123,KOTA MELAKA,N.16,TENGKERA,BA - DAP,GOH LEONG SAN,MALE,32,
P. 123_N.17,MELAKA,P. 123,KOTA MELAKA,N.17,DURIAN DAUN,BA - DAP,BETTY CHEW GEK CHENG,FEMALE,,
P. 123_N.18,MELAKA,P. 123,KOTA MELAKA,N.18,BANDAR HILIR,BA - DAP,SIM TONG HIM,MALE,51,
P. 123_N.19,MELAKA,P. 123,KOTA MELAKA,N.19,DUYONG,BN - MCA,GAN BOON LEONG,MALE,,
P. 123_N.20,MELAKA,P. 123,KOTA MELAKA,N.20,ALAI,BN - UMNO,DATUK AMID BIN NORDIN,MALE,,
P. 124_N.21,MELAKA,P. 124,JASIN,N.21,AYER PANAS,BN - MCA,CHONG TAM ON,,,
P. 124_N.22,MELAKA,P. 124,JASIN,N.22,RIM,BN - UMNO,HAJJAH RAMLAH BTE ABAS,FEMALE,,
P. 124_N.23,MELAKA,P. 124,JASIN,N.23,MERLIMAU,BN - UMNO,NAZARI BIN ADZIM,MALE,,
P. 124_N.24,MELAKA,P. 124,JASIN,N.24,SERKAM,BN - UMNO,DATUK HJ. AHMAD BIN HJ. HAMZAH,MALE,,
P. 124_N.25,MELAKA,P. 124,JASIN,N.25,SUNGAI RAMBAI,BN - UMNO,DATUK HJ. ABD AZIS BIN HJ. ABD. GHANI,MALE,,
P. 125_N.1,JOHOR,P. 125,SEGAMAT,N.1,SEPINANG,BN - UMNO,OTHMAN BIN JAIS,MALE,,
P. 125_N.2,JOHOR,P. 125,SEGAMAT,N.2,JEMENTAH,BN - MCA,GAN LIAN KENG @ LEE AH KAU,MALE,,
P. 126_N.3,JOHOR,P. 126,LEDANG,N.3,TANGKAK,BN - MCA,YAP CHIK DONG,MALE,,Y
P. 126_N.4,JOHOR,P. 126,LEDANG,N.4,SEROM,BN - UMNO,DATO' ABDUL GHANI OTHMAN,MALE,,
P. 127_N.5,JOHOR,P. 127,PAGOH,N.5,BUKIT SERAMPANG,BN - UMNO,TAHIR BIN MOHD. TAAT,MALE,,
P. 127_N.6,JOHOR,P. 127,PAGOH,N.6,JORAK,BN - UMNO,SAMAT BIN ARIPIN,MALE,,
P. 128_N.7,JOHOR,P. 128,LABIS,N.7,TENANG,BN - UMNO,IBRAHIM BIN DAUD,MALE,,
P. 128_N.8,JOHOR,P. 128,LABIS,N.8,BEKOK,BN - MCA,TAN KOK HONG @ TAN YI,,,
P. 129_N.9,JOHOR,P. 129,MERSING,N.9,ENDAU,BN - UMNO,ZAINAL ABIDIN BIN OSMAN,MALE,,
P. 129_N.10,JOHOR,P. 129,MERSING,N.10,TENGGAROH,BN - MIC,KRISHNASAMY A/L SHIMAN,MALE,,
P. 130_N.11,JOHOR,P. 130,KLUANG,N.11,PALOH,BN - MCA,CHONG AH ONN @ CHONG AH OWON,,,
P. 130_N.12,JOHOR,P. 130,KLUANG,N.12,MENGKIBOL,BN - MCA,NG KIM LAI,MALE,,
P. 131_N.13,JOHOR,P. 131,PARIT SULONG,N.13,SRI MEDAN,BN - UMNO,AHMAD ZAHRI BIN JAMIL,MALE,,
P. 131_N.14,JOHOR,P. 131,PARIT SULONG,N.14,SEMERAH,BN - MCA,TAN TECK POH @ TAN AH TOO,MALE,,
P. 132_N.15,JOHOR,P. 132,BAKRI,N.15,BUKIT NANING,BN - UMNO,JAMILAH BINTI OTHMAN,FEMALE,,
P. 132_N.16,JOHOR,P. 132,BAKRI,N.16,MAHARANI,BN - MCA,LAU YEW WEE @ LOW YU WEE,,,
P. 133_N.17,JOHOR,P. 133,MUAR,N.17,PARIT BAKAR,BN - UMNO,HJ. MOHD. ISMAIL B HJ MOHD. SHAH,MALE,,
P. 133_N.18,JOHOR,P. 133,MUAR,N.18,SUNGAI BALANG,BN - UMNO,MD. SALIKON BIN SARPIN,MALE,,
P. 134_N.19,JOHOR,P. 134,SRI GADING,N.19,PARIT YAANI,BN - UMNO,HAMZAH BIN RAMLI,MALE,,
P. 134_N.20,JOHOR,P. 134,SRI GADING,N.20,PARIT RAJA,BN - UMNO,ALI BIN SHIKH AHMAD,MALE,,
P. 135_N.21,JOHOR,P. 135,BATU PAHAT,N.21,PENGGARAM,BN - MCA,CHUA SOI LEK @ CHUA KIN SENG,MALE,,
P. 135_N.22,JOHOR,P. 135,BATU PAHAT,N.22,RENGIT,BN - UMNO,ZAINAL ABIDIN BIN MOHAMED ZIN,MALE,,
P. 136_N.23,JOHOR,P. 136,TENGGARA,N.23,PANTI,BN - UMNO,MOHAMAD AMERAN BIN SOHIRAN,MALE,,
P. 136_N.24,JOHOR,P. 136,TENGGARA,N.24,GUNUNG LAMBAK,BN - UMNO,HALIMAH BINTI MOHD SADIQUE,FEMALE,,
P. 137_N.25,JOHOR,P. 137,SUNGAI BENUT,N.25,SIMPANG RENGGAM,BN - MCA,LAW BOON KING @ LOW BOON HONG,MALE,,
P. 137_N.26,JOHOR,P. 137,SUNGAI BENUT,N.26,BENUT,BN - UMNO,SALEHON BIN SENGOT,MALE,,
P. 138_N.27,JOHOR,P. 138,SENAI,N.27,KULAI,BN - GERAKAN,KHOO CHE WAT,MALE,,
P. 138_N.28,JOHOR,P. 138,SENAI,N.28,BUKIT PERMAI,BN - UMNO,ADAM BIN ABDUL HAMID,MALE,,
P. 139_N.29,JOHOR,P. 139,KOTA TINGGI,N.29,SEDILI,BN - UMNO,ASIAH BINTI MD. ARIFF,FEMALE,,
P. 139_N.30,JOHOR,P. 139,KOTA TINGGI,N.30,PENGERANG,BN - UMNO,HARUN BIN ABDULLAH,MALE,,
P. 140_N.31,JOHOR,P. 140,TEBRAU,N.31,TIRAM,BN - UMNO,MOHAMAD BIN DOLMAT,MALE,,
P. 140_N.32,JOHOR,P. 140,TEBRAU,N.32,PASIR GUDANG,BN - MIC,PALIKSINA SIWALINGGAM @ DATUK K.S. BALAKRISHNAN,MALE,,
P. 141_N.33,JOHOR,P. 141,JOHOR BAHRU,N.33,TANJONG PUTERI,BN - UMNO,MOHAMAD BIN KASBI,MALE,,
P. 141_N.34,JOHOR,P. 141,JOHOR BAHRU,N.34,STULANG,BN - MCA,FREDDIE LONG HOO HIN,MALE,,
P. 142_N.35,JOHOR,P. 142,PULAI,N.35,TAMBATAN,BN - MCA,LOW TEH HIAN,MALE,49,
P. 142_N.36,JOHOR,P. 142,PULAI,N.36,KEMPAS,BN - UMNO,OSMAN BIN HJ. SAPIAN,MALE,,
P. 143_N.37,JOHOR,P. 143,GELANG PATAH,N.37,TANJONG KUPANG,BN - UMNO,HAJI BAHAROM BIN ABDUL GHANI,MALE,,
P. 143_N.38,JOHOR,P. 143,GELANG PATAH,N.38,SKUDAI,BN - GERAKAN,KHOO KONG EK,,,
P. 144_N.39,JOHOR,P. 144,PONTIAN,N.39,PULAI SEBATANG,BN - UMNO,ABD. MALIK BIN IBRAHIM,MALE,,
P. 144_N.40,JOHOR,P. 144,PONTIAN,N.40,KUKUP,BN - UMNO,JAMILAH ENDAN,FEMALE,,
